date,usd_vnd_close
2015-01-01,21375.0
2015-01-02,21063.0
2015-01-05,21046.0
2015-01-06,21097.0
2015-01-07,21083.0
2015-01-08,21061.0
2015-01-09,21021.0
2015-01-12,21020.0
2015-01-13,21005.0
2015-01-14,20991.0
2015-01-15,21007.0
2015-01-16,20988.0
2015-01-19,20993.0
2015-01-20,21004.0
2015-01-21,21036.0
2015-01-22,21009.0
2015-01-23,20922.0
2015-01-26,20982.0
2015-01-27,20981.0
2015-01-28,20988.0
2015-01-29,20996.0
2015-01-30,21074.0
2015-02-02,20991.0
2015-02-03,20973.0
2015-02-04,21058.0
2015-02-05,20979.0
2015-02-06,20978.0
2015-02-09,20961.0
2015-02-10,20970.0
2015-02-11,20968.0
2015-02-12,20943.0
2015-02-13,20986.0
2015-02-16,20979.0
2015-02-17,21300.0
2015-02-18,20972.0
2015-02-19,20987.0
2015-02-20,20957.0
2015-02-23,20975.0
2015-02-24,20978.0
2015-02-25,21011.0
2015-02-26,21018.0
2015-02-27,20984.0
2015-03-02,20989.0
2015-03-03,20987.0
2015-03-04,21004.0
2015-03-05,20994.0
2015-03-06,20968.0
2015-03-09,20982.0
2015-03-10,20978.0
2015-03-11,20974.0
2015-03-12,20996.0
2015-03-13,21003.0
2015-03-16,21089.0
2015-03-17,21066.0
2015-03-18,21113.0
2015-03-19,21142.0
2015-03-20,21078.0
2015-03-23,21149.0
2015-03-24,21168.0
2015-03-25,21475.0
2015-03-26,21144.0
2015-03-27,21154.0
2015-03-29,21161.0
2015-03-30,21186.0
2015-03-31,21188.0
2015-04-01,21115.0
2015-04-02,21575.0
2015-04-05,21565.0
2015-04-06,21229.0
2015-04-07,21241.0
2015-04-08,21220.0
2015-04-09,21217.0
2015-04-12,21221.0
2015-04-13,21228.0
2015-04-14,21217.0
2015-04-15,21121.0
2015-04-16,21234.0
2015-04-19,21196.0
2015-04-20,21555.0
2015-04-21,21555.0
2015-04-22,21550.0
2015-04-23,21565.0
2015-04-26,21570.0
2015-04-27,21575.0
2015-04-28,21575.0
2015-04-29,21575.0
2015-04-30,21575.0
2015-05-03,21595.0
2015-05-04,21610.0
2015-05-05,21620.0
2015-05-06,21645.0
2015-05-07,21650.0
2015-05-10,21660.0
2015-05-11,21680.0
2015-05-12,21700.0
2015-05-13,21735.0
2015-05-14,21700.0
2015-05-17,21765.0
2015-05-18,21770.0
2015-05-19,21790.0
2015-05-20,21785.0
2015-05-21,21770.0
2015-05-24,21795.0
2015-05-25,21800.0
2015-05-26,21780.0
2015-05-27,21785.0
2015-05-28,21785.0
2015-05-31,21790.0
2015-06-01,21790.0
2015-06-02,21790.0
2015-06-03,21790.0
2015-06-04,21785.0
2015-06-07,21790.0
2015-06-08,21790.0
2015-06-09,21775.0
2015-06-10,21770.0
2015-06-11,21770.0
2015-06-14,21775.0
2015-06-15,21775.0
2015-06-16,21785.0
2015-06-17,21785.0
2015-06-18,21780.0
2015-06-21,21780.0
2015-06-22,21780.0
2015-06-23,21790.0
2015-06-24,21780.0
2015-06-25,21790.0
2015-06-28,21790.0
2015-06-29,21785.0
2015-06-30,21780.0
2015-07-01,21780.0
2015-07-02,21780.0
2015-07-05,21785.0
2015-07-06,21474.0
2015-07-07,21443.0
2015-07-08,21440.0
2015-07-09,21428.0
2015-07-12,21420.0
2015-07-13,21431.0
2015-07-14,21445.0
2015-07-15,21436.0
2015-07-16,21443.0
2015-07-19,21424.0
2015-07-20,21449.0
2015-07-21,21456.0
2015-07-22,21453.0
2015-07-23,21457.0
2015-07-26,21443.0
2015-07-27,21450.0
2015-07-28,21476.0
2015-07-29,21449.0
2015-07-30,21465.0
2015-08-02,21451.0
2015-08-03,21445.0
2015-08-04,21371.0
2015-08-05,21452.0
2015-08-06,21445.0
2015-08-09,21444.0
2015-08-10,21469.0
2015-08-11,21663.0
2015-08-12,21722.0
2015-08-13,21859.0
2015-08-16,21740.0
2015-08-17,21734.0
2015-08-18,21858.0
2015-08-19,22051.0
2015-08-20,22155.0
2015-08-23,22184.0
2015-08-24,22175.0
2015-08-25,22192.0
2015-08-26,22123.0
2015-08-27,22107.0
2015-08-30,22129.0
2015-08-31,22146.0
2015-09-01,22150.0
2015-09-02,22332.0
2015-09-03,22115.0
2015-09-06,22111.0
2015-09-07,22113.0
2015-09-08,22117.0
2015-09-09,22128.0
2015-09-10,22123.0
2015-09-13,22146.0
2015-09-14,22147.0
2015-09-15,22150.0
2015-09-16,22152.0
2015-09-17,22116.0
2015-09-20,22118.0
2015-09-21,22112.0
2015-09-22,22123.0
2015-09-23,22125.0
2015-09-24,22145.0
2015-09-27,22122.0
2015-09-28,22135.0
2015-09-29,22105.0
2015-09-30,22112.0
2015-10-01,22123.0
2015-10-04,22118.0
2015-10-05,21996.0
2015-10-06,22048.0
2015-10-07,21855.0
2015-10-08,21871.0
2015-10-11,21996.0
2015-10-12,22048.0
2015-10-13,22033.0
2015-10-14,21980.0
2015-10-15,21907.0
2015-10-18,21948.0
2015-10-19,21987.0
2015-10-20,21964.0
2015-10-21,22393.0
2015-10-22,21963.0
2015-10-26,21969.0
2015-10-27,21961.0
2015-10-28,21970.0
2015-10-29,21973.0
2015-10-30,21961.0
2015-11-02,21948.0
2015-11-03,21948.0
2015-11-04,21933.0
2015-11-05,21968.0
2015-11-06,21991.0
2015-11-09,22112.0
2015-11-10,22031.0
2015-11-11,21955.0
2015-11-12,21832.0
2015-11-13,22048.0
2015-11-16,22081.0
2015-11-17,22141.0
2015-11-18,22076.0
2015-11-19,22100.0
2015-11-20,22167.0
2015-11-23,22088.0
2015-11-24,22112.0
2015-11-25,22060.0
2015-11-26,22130.0
2015-11-27,22080.0
2015-11-30,22121.0
2015-12-01,22052.0
2015-12-02,22098.0
2015-12-03,21343.0
2015-12-04,22124.0
2015-12-07,22049.0
2015-12-08,22025.0
2015-12-09,21917.0
2015-12-10,22055.0
2015-12-11,22091.0
2015-12-14,22112.0
2015-12-15,22343.0
2015-12-16,22197.0
2015-12-17,22197.0
2015-12-18,22108.0
2015-12-21,22078.0
2015-12-22,22157.0
2015-12-23,22212.0
2015-12-24,22132.0
2015-12-25,22106.0
2015-12-28,22152.0
2015-12-29,22213.0
2015-12-30,22095.0
2015-12-31,22185.0
2016-01-01,22180.0
2016-01-04,22320.0
2016-01-05,22141.0
2016-01-06,22034.0
2016-01-07,22014.0
2016-01-08,22002.0
2016-01-11,22162.0
2016-01-12,22058.0
2016-01-13,21937.0
2016-01-14,22083.0
2016-01-15,22027.0
2016-01-18,22038.0
2016-01-19,21961.0
2016-01-20,22090.0
2016-01-21,22112.0
2016-01-22,22094.0
2016-01-25,21945.0
2016-01-26,21878.0
2016-01-27,21889.0
2016-01-28,21833.0
2016-01-29,22032.0
2016-02-01,21874.0
2016-02-02,21928.0
2016-02-03,21611.0
2016-02-04,21920.0
2016-02-05,21949.0
2016-02-08,21923.0
2016-02-09,21771.0
2016-02-10,21926.0
2016-02-11,21968.0
2016-02-12,21963.0
2016-02-15,22007.0
2016-02-16,22007.0
2016-02-17,22084.0
2016-02-18,21995.0
2016-02-19,21942.0
2016-02-22,22036.0
2016-02-23,22011.0
2016-02-24,21897.0
2016-02-25,21965.0
2016-02-26,22140.0
2016-02-29,21941.0
2016-03-01,21951.0
2016-03-02,21947.0
2016-03-03,21787.0
2016-03-04,21883.0
2016-03-07,21919.0
2016-03-08,21949.0
2016-03-09,21933.0
2016-03-10,21923.0
2016-03-11,21844.0
2016-03-14,21944.0
2016-03-15,21915.0
2016-03-16,21699.0
2016-03-17,21957.0
2016-03-18,21950.0
2016-03-21,21944.0
2016-03-22,21939.0
2016-03-23,22027.0
2016-03-24,21971.0
2016-03-25,22270.0
2016-03-27,22270.0
2016-03-28,21933.0
2016-03-29,21919.0
2016-03-30,21934.0
2016-03-31,21950.0
2016-04-03,21940.0
2016-04-04,21947.0
2016-04-05,21858.0
2016-04-06,21946.0
2016-04-07,21947.0
2016-04-10,21942.0
2016-04-11,21955.0
2016-04-12,21943.0
2016-04-13,21948.0
2016-04-14,21933.0
2016-04-17,21978.0
2016-04-18,21946.0
2016-04-19,21939.0
2016-04-20,21974.0
2016-04-21,21920.0
2016-04-24,21941.0
2016-04-25,21942.0
2016-04-26,21914.0
2016-04-27,21953.0
2016-04-28,21937.0
2016-05-01,21947.0
2016-05-02,22091.0
2016-05-03,22255.0
2016-05-04,21976.0
2016-05-05,21936.0
2016-05-08,21949.0
2016-05-09,21933.0
2016-05-10,21934.0
2016-05-11,21941.0
2016-05-12,21955.0
2016-05-15,22031.0
2016-05-16,21951.0
2016-05-17,21934.0
2016-05-18,21953.0
2016-05-19,21963.0
2016-05-22,21956.0
2016-05-23,21970.0
2016-05-24,21994.0
2016-05-25,22022.0
2016-05-26,22032.0
2016-05-29,22057.0
2016-05-30,22020.0
2016-05-31,22081.0
2016-06-01,22178.0
2016-06-02,22051.0
2016-06-05,22013.0
2016-06-06,21992.0
2016-06-07,21964.0
2016-06-08,22000.0
2016-06-09,21969.0
2016-06-12,21957.0
2016-06-13,21940.0
2016-06-14,21882.0
2016-06-15,22000.0
2016-06-16,21918.0
2016-06-19,21971.0
2016-06-20,22090.0
2016-06-21,21840.0
2016-06-22,21984.0
2016-06-23,21830.0
2016-06-26,21970.0
2016-06-27,21991.0
2016-06-28,21885.0
2016-06-29,22028.0
2016-06-30,21911.0
2016-07-03,21891.0
2016-07-04,22114.0
2016-07-05,21882.0
2016-07-06,21974.0
2016-07-07,21965.0
2016-07-10,21913.0
2016-07-11,22000.0
2016-07-12,21922.0
2016-07-13,21914.0
2016-07-14,22152.0
2016-07-17,21885.0
2016-07-18,22018.0
2016-07-19,21933.0
2016-07-20,21923.0
2016-07-21,22023.0
2016-07-24,21931.0
2016-07-25,21974.0
2016-07-26,21821.0
2016-07-27,21957.0
2016-07-28,21816.0
2016-07-31,21943.0
2016-08-01,21895.0
2016-08-02,22044.0
2016-08-03,21942.0
2016-08-04,22058.0
2016-08-07,21934.0
2016-08-08,21882.0
2016-08-09,21924.0
2016-08-10,21964.0
2016-08-11,21922.0
2016-08-14,21913.0
2016-08-15,21951.0
2016-08-16,21940.0
2016-08-17,21896.0
2016-08-18,21949.0
2016-08-21,21891.0
2016-08-22,22008.0
2016-08-23,21977.0
2016-08-24,21960.0
2016-08-25,22134.0
2016-08-28,21934.0
2016-08-29,21989.0
2016-08-30,21917.0
2016-08-31,21852.0
2016-09-01,21991.0
2016-09-04,21973.0
2016-09-05,21779.0
2016-09-06,21963.0
2016-09-07,21998.0
2016-09-08,22004.0
2016-09-11,21916.0
2016-09-12,21975.0
2016-09-13,21902.0
2016-09-14,21940.0
2016-09-15,22092.0
2016-09-18,21920.0
2016-09-19,22020.0
2016-09-20,21878.0
2016-09-21,22003.0
2016-09-22,21950.0
2016-09-25,21940.0
2016-09-26,22018.0
2016-09-27,21956.0
2016-09-28,21945.0
2016-09-29,21797.0
2016-10-02,22004.0
2016-10-03,21888.0
2016-10-04,21983.0
2016-10-05,22026.0
2016-10-06,21829.0
2016-10-09,21994.0
2016-10-10,22000.0
2016-10-11,21954.0
2016-10-12,21891.0
2016-10-13,22025.0
2016-10-16,21926.0
2016-10-17,22006.0
2016-10-18,21966.0
2016-10-19,22038.0
2016-10-20,21967.0
2016-10-23,21986.0
2016-10-24,21953.0
2016-10-25,21995.0
2016-10-26,22022.0
2016-10-27,21820.0
2016-10-31,21916.0
2016-11-01,21899.0
2016-11-02,21962.0
2016-11-03,21900.0
2016-11-04,21895.0
2016-11-07,22008.0
2016-11-08,22027.0
2016-11-09,22316.0
2016-11-10,21984.0
2016-11-11,21997.0
2016-11-14,22066.0
2016-11-15,22067.0
2016-11-16,22381.0
2016-11-17,22272.0
2016-11-18,22215.0
2016-11-21,22191.0
2016-11-22,22177.0
2016-11-23,22415.0
2016-11-24,22407.0
2016-11-25,22355.0
2016-11-28,22311.0
2016-11-29,22188.0
2016-11-30,22291.0
2016-12-01,22223.0
2016-12-02,22283.0
2016-12-05,22205.0
2016-12-06,22389.0
2016-12-07,22261.0
2016-12-08,22627.0
2016-12-09,22250.0
2016-12-12,22187.0
2016-12-13,22239.0
2016-12-14,22587.0
2016-12-15,22354.0
2016-12-16,22745.0
2016-12-19,22438.0
2016-12-20,22350.0
2016-12-21,22340.0
2016-12-22,22402.0
2016-12-23,22378.0
2016-12-26,22366.0
2016-12-27,22364.0
2016-12-28,22392.0
2016-12-29,22318.0
2016-12-30,22468.0
2017-01-02,22411.0
2017-01-03,22338.0
2017-01-04,22222.0
2017-01-05,22062.0
2017-01-06,22297.0
2017-01-09,22077.0
2017-01-10,22237.0
2017-01-11,22059.0
2017-01-12,22265.0
2017-01-13,22202.0
2017-01-16,22174.0
2017-01-17,22195.0
2017-01-18,22309.0
2017-01-19,22196.0
2017-01-20,22084.0
2017-01-23,22100.0
2017-01-24,22229.0
2017-01-25,22227.0
2017-01-26,22327.0
2017-01-27,22210.0
2017-01-30,22139.0
2017-01-31,22132.0
2017-02-01,22298.0
2017-02-02,22640.0
2017-02-03,22137.0
2017-02-06,22196.0
2017-02-07,22210.0
2017-02-08,22183.0
2017-02-09,22347.0
2017-02-10,22266.0
2017-02-13,22398.0
2017-02-14,22478.0
2017-02-15,22319.0
2017-02-16,22305.0
2017-02-17,22483.0
2017-02-20,22464.0
2017-02-21,22469.0
2017-02-22,22334.0
2017-02-23,22830.0
2017-02-24,22815.0
2017-02-27,22777.0
2017-02-28,22760.0
2017-03-01,22391.0
2017-03-02,22474.0
2017-03-03,22840.0
2017-03-06,22800.0
2017-03-07,22448.0
2017-03-08,22461.0
2017-03-09,22390.0
2017-03-10,22281.0
2017-03-13,22458.0
2017-03-14,22483.0
2017-03-15,22224.0
2017-03-16,22310.0
2017-03-17,22404.0
2017-03-20,22447.0
2017-03-21,22419.0
2017-03-22,22390.0
2017-03-23,22429.0
2017-03-24,22432.0
2017-03-26,22408.0
2017-03-27,22490.0
2017-03-28,22447.0
2017-03-29,22524.0
2017-03-30,22435.0
2017-04-02,22329.0
2017-04-03,22249.0
2017-04-04,22320.0
2017-04-05,22357.0
2017-04-06,22655.0
2017-04-09,22650.0
2017-04-10,22653.0
2017-04-11,22670.0
2017-04-12,22645.0
2017-04-13,22355.0
2017-04-16,22285.0
2017-04-17,22232.0
2017-04-18,22398.0
2017-04-19,22439.0
2017-04-20,22292.0
2017-04-23,22332.0
2017-04-24,22300.0
2017-04-25,22350.0
2017-04-26,22417.0
2017-04-27,22465.0
2017-04-30,22453.0
2017-05-01,22360.0
2017-05-02,22426.0
2017-05-03,22280.0
2017-05-04,22286.0
2017-05-07,22422.0
2017-05-08,22415.0
2017-05-09,22375.0
2017-05-10,22376.0
2017-05-11,22210.0
2017-05-14,22302.0
2017-05-15,22240.0
2017-05-16,22216.0
2017-05-17,22404.0
2017-05-18,22257.0
2017-05-21,22325.0
2017-05-22,22447.0
2017-05-23,22269.0
2017-05-24,22349.0
2017-05-25,22451.0
2017-05-28,22424.0
2017-05-29,22290.0
2017-05-30,22304.0
2017-05-31,22380.0
2017-06-01,22227.0
2017-06-04,22335.0
2017-06-05,22311.0
2017-06-06,22252.0
2017-06-07,22396.0
2017-06-08,22301.0
2017-06-11,22361.0
2017-06-12,22332.0
2017-06-13,22352.0
2017-06-14,22345.0
2017-06-15,22339.0
2017-06-18,22481.0
2017-06-19,22406.0
2017-06-20,22329.0
2017-06-21,22395.0
2017-06-22,22312.0
2017-06-25,22369.0
2017-06-26,22236.0
2017-06-27,22355.0
2017-06-28,22318.0
2017-06-29,22338.0
2017-07-02,22411.0
2017-07-03,22392.0
2017-07-04,22331.0
2017-07-05,22730.0
2017-07-06,22744.0
2017-07-09,22390.0
2017-07-10,22246.0
2017-07-11,22463.0
2017-07-12,22357.0
2017-07-13,22274.0
2017-07-16,22344.0
2017-07-17,22387.0
2017-07-18,22400.0
2017-07-19,22142.0
2017-07-20,22356.0
2017-07-23,22401.0
2017-07-24,22397.0
2017-07-25,22194.0
2017-07-26,22440.0
2017-07-27,22307.0
2017-07-30,22181.0
2017-07-31,22400.0
2017-08-01,22346.0
2017-08-02,22330.0
2017-08-03,22582.0
2017-08-06,22399.0
2017-08-07,22517.0
2017-08-08,22345.0
2017-08-09,22302.0
2017-08-10,22271.0
2017-08-13,22423.0
2017-08-14,22411.0
2017-08-15,22252.0
2017-08-16,22336.0
2017-08-17,22366.0
2017-08-20,22284.0
2017-08-21,22371.0
2017-08-22,22342.0
2017-08-23,22386.0
2017-08-24,22196.0
2017-08-27,22323.0
2017-08-28,22528.0
2017-08-29,22502.0
2017-08-30,22290.0
2017-08-31,22495.0
2017-09-03,22415.0
2017-09-04,22366.0
2017-09-05,22406.0
2017-09-06,22326.0
2017-09-07,22458.0
2017-09-10,22500.0
2017-09-11,22343.0
2017-09-12,22575.0
2017-09-13,22362.0
2017-09-14,22398.0
2017-09-17,22398.0
2017-09-18,22386.0
2017-09-19,22612.0
2017-09-20,22329.0
2017-09-21,22433.0
2017-09-24,22452.0
2017-09-25,22389.0
2017-09-26,22398.0
2017-09-27,22378.0
2017-09-28,22523.0
2017-10-01,22413.0
2017-10-02,22421.0
2017-10-03,22421.0
2017-10-04,22451.0
2017-10-05,22343.0
2017-10-08,22395.0
2017-10-09,22331.0
2017-10-10,22311.0
2017-10-11,22426.0
2017-10-12,22392.0
2017-10-15,22385.0
2017-10-16,22365.0
2017-10-17,22303.0
2017-10-18,22340.0
2017-10-19,22422.0
2017-10-22,22372.0
2017-10-23,22372.0
2017-10-24,22314.0
2017-10-25,22688.0
2017-10-26,22407.0
2017-10-30,22350.0
2017-10-31,22351.0
2017-11-01,22409.0
2017-11-02,22358.0
2017-11-03,22447.0
2017-11-06,22330.0
2017-11-07,22331.0
2017-11-08,22372.0
2017-11-09,22367.0
2017-11-10,22321.0
2017-11-13,22340.0
2017-11-14,22229.0
2017-11-15,22509.0
2017-11-16,22358.0
2017-11-17,22378.0
2017-11-20,22452.0
2017-11-21,22350.0
2017-11-22,22245.0
2017-11-23,22385.0
2017-11-24,22248.0
2017-11-27,22454.0
2017-11-28,22455.0
2017-11-29,22367.0
2017-11-30,22275.0
2017-12-01,22382.0
2017-12-04,22361.0
2017-12-05,22454.0
2017-12-06,22393.0
2017-12-07,22395.0
2017-12-08,22301.0
2017-12-11,22407.0
2017-12-12,22441.0
2017-12-13,22208.0
2017-12-14,22476.0
2017-12-15,22473.0
2017-12-18,22395.0
2017-12-19,22319.0
2017-12-20,22306.0
2017-12-21,22370.0
2017-12-22,22355.0
2017-12-25,22335.0
2017-12-26,22363.0
2017-12-27,22366.0
2017-12-28,22370.0
2017-12-29,22343.0
2018-01-01,22325.0
2018-01-02,22384.0
2018-01-03,22378.0
2018-01-04,22365.0
2018-01-05,22419.0
2018-01-08,22410.0
2018-01-09,22358.0
2018-01-10,22482.0
2018-01-11,22202.0
2018-01-12,22236.0
2018-01-15,22365.0
2018-01-16,22299.0
2018-01-17,22424.0
2018-01-18,22385.0
2018-01-19,22475.0
2018-01-22,22675.0
2018-01-23,22675.5
2018-01-24,22675.5
2018-01-25,22678.400390625
2018-01-26,22676.0
2018-01-29,22666.0
2018-01-30,22676.099609375
2018-01-31,22661.80078125
2018-02-01,22674.80078125
2018-02-02,22675.80078125
2018-02-05,22674.5
2018-02-06,22675.5
2018-02-07,22665.099609375
2018-02-08,22660.0
2018-02-09,22667.400390625
2018-02-12,22671.30078125
2018-02-13,22678.0
2018-02-14,22678.5
2018-02-15,22678.5
2018-02-16,22672.5
2018-02-19,22844.0
2018-02-20,22662.0
2018-02-21,22682.599609375
2018-02-22,22687.599609375
2018-02-23,22705.5
2018-02-26,22711.5
2018-02-27,22709.30078125
2018-02-28,22718.80078125
2018-03-01,22722.5
2018-03-02,22715.0
2018-03-05,22725.0
2018-03-06,22730.0
2018-03-07,22735.0
2018-03-08,22722.5
2018-03-09,22725.0
2018-03-12,22723.5
2018-03-13,22727.5
2018-03-14,22731.5
2018-03-15,22735.0
2018-03-16,22744.400390625
2018-03-19,22713.30078125
2018-03-20,22739.5
2018-03-21,22734.80078125
2018-03-22,22738.0
2018-03-23,22770.0
2018-03-25,22757.0
2018-03-26,22780.5
2018-03-27,22784.0
2018-03-28,22777.900390625
2018-03-29,22759.0
2018-04-01,22505.0
2018-04-02,22775.0
2018-04-03,22775.0
2018-04-04,22780.5
2018-04-05,22778.0
2018-04-08,22767.5
2018-04-09,22374.0
2018-04-10,22757.5
2018-04-11,22755.5
2018-04-12,22753.5
2018-04-15,22751.5
2018-04-16,22742.5
2018-04-17,22737.5
2018-04-18,22739.0
2018-04-19,22744.0
2018-04-22,22428.0
2018-04-23,22736.0
2018-04-24,22734.0
2018-04-25,22734.0
2018-04-26,22732.0
2018-04-29,22728.5
2018-04-30,22728.5
2018-05-01,22494.0
2018-05-02,22726.0
2018-05-03,22727.5
2018-05-06,22416.0
2018-05-07,22733.5
2018-05-08,22737.5
2018-05-09,22742.0
2018-05-10,22458.0
2018-05-13,22398.0
2018-05-14,22732.5
2018-05-15,22735.5
2018-05-16,22737.5
2018-05-17,22740.0
2018-05-20,22428.0
2018-05-21,22736.5
2018-05-22,22734.5
2018-05-23,22739.0
2018-05-24,22743.0
2018-05-27,22746.0
2018-05-28,22779.5
2018-05-29,22802.5
2018-05-30,22820.0
2018-05-31,22771.0
2018-06-03,22533.0
2018-06-04,22532.0
2018-06-05,22794.5
2018-06-06,22773.5
2018-06-07,22767.0
2018-06-10,22366.0
2018-06-11,22780.5
2018-06-12,22778.5
2018-06-13,22777.5
2018-06-14,22778.0
2018-06-17,22781.0
2018-06-18,22801.0
2018-06-19,22818.5
2018-06-20,22832.5
2018-06-21,22842.0
2018-06-24,22840.0
2018-06-25,22865.0
2018-06-26,22886.0
2018-06-27,22901.5
2018-06-28,22906.0
2018-07-01,22923.5
2018-07-02,22919.5
2018-07-03,23011.0
2018-07-04,23004.0
2018-07-05,23006.5
2018-07-08,22602.400390625
2018-07-09,23005.0
2018-07-10,23004.5
2018-07-11,23009.0
2018-07-12,23013.0
2018-07-15,23010.0
2018-07-16,23012.400390625
2018-07-17,23006.80078125
2018-07-18,23016.19921875
2018-07-19,23017.0
2018-07-22,22555.69921875
2018-07-23,23018.0
2018-07-24,23216.0
2018-07-25,23182.5
2018-07-26,23145.0
2018-07-29,23197.5
2018-07-30,23222.5
2018-07-31,23248.0
2018-08-01,23256.5
2018-08-02,23247.5
2018-08-05,23271.0
2018-08-06,23272.5
2018-08-07,23268.0
2018-08-08,23249.0
2018-08-09,23242.5
2018-08-12,23242.0
2018-08-13,23280.0
2018-08-14,23280.0
2018-08-15,23277.5
2018-08-16,23278.0
2018-08-19,23259.0
2018-08-20,23238.0
2018-08-21,23234.0
2018-08-22,23240.0
2018-08-23,23247.0
2018-08-26,22872.400390625
2018-08-27,23259.0
2018-08-28,23261.5
2018-08-29,23266.0
2018-08-30,23268.0
2018-09-02,23279.0
2018-09-03,23271.0
2018-09-04,23289.900390625
2018-09-05,23279.0
2018-09-06,23279.5
2018-09-09,23291.5
2018-09-10,23267.5
2018-09-11,23249.19921875
2018-09-12,23245.400390625
2018-09-13,23242.0
2018-09-16,23213.5
2018-09-17,23256.5
2018-09-18,23246.5
2018-09-19,23272.5
2018-09-20,23287.5
2018-09-23,22978.900390625
2018-09-24,23024.69921875
2018-09-25,23310.5
2018-09-26,23313.5
2018-09-27,23312.5
2018-09-30,23292.5
2018-10-01,23296.0
2018-10-02,23292.5
2018-10-03,23307.5
2018-10-04,23311.5
2018-10-07,22910.400390625
2018-10-08,23317.5
2018-10-09,23321.5
2018-10-10,23316.0
2018-10-11,23311.0
2018-10-14,23310.5
2018-10-15,23297.5
2018-10-16,23304.0
2018-10-17,23310.0
2018-10-18,23312.5
2018-10-21,23311.80078125
2018-10-22,23313.5
2018-10-23,23313.5
2018-10-24,23321.599609375
2018-10-25,23320.0
2018-10-29,22898.599609375
2018-10-30,23310.5
2018-10-31,23310.0
2018-11-01,23311.099609375
2018-11-02,23308.400390625
2018-11-05,23307.0
2018-11-06,23300.0
2018-11-07,23291.0
2018-11-08,23295.0
2018-11-09,23289.19921875
2018-11-12,23260.0
2018-11-13,23267.5
2018-11-14,23280.0
2018-11-15,23278.599609375
2018-11-16,23274.0
2018-11-19,22771.30078125
2018-11-20,23276.5
2018-11-21,23302.0
2018-11-22,23318.0
2018-11-23,23318.0
2018-11-26,23021.400390625
2018-11-27,23306.0
2018-11-28,23312.5
2018-11-29,23301.0
2018-11-30,23292.5
2018-12-03,23074.900390625
2018-12-04,23267.5
2018-12-05,23257.5
2018-12-06,23270.0
2018-12-07,23297.5
2018-12-10,23277.5
2018-12-11,23271.0
2018-12-12,23270.0
2018-12-13,23268.099609375
2018-12-14,23255.0
2018-12-17,23253.0
2018-12-18,23284.0
2018-12-19,23285.5
2018-12-20,23278.5
2018-12-21,23267.5
2018-12-24,23248.5
2018-12-25,22939.900390625
2018-12-26,23243.5
2018-12-27,23243.0
2018-12-28,23187.5
2018-12-31,23194.0
2019-01-01,23160.0
2019-01-02,23194.0
2019-01-03,23194.0
2019-01-04,23194.0
2019-01-07,23194.0
2019-01-08,23194.0
2019-01-09,23194.0
2019-01-10,23194.0
2019-01-11,23194.0
2019-01-14,23194.0
2019-01-15,23194.0
2019-01-16,23194.0
2019-01-17,23194.0
2019-01-18,23194.0
2019-01-21,23194.0
2019-01-22,23194.0
2019-01-23,23194.0
2019-01-24,23194.0
2019-01-25,23194.0
2019-01-28,22733.19921875
2019-01-29,23194.0
2019-01-30,23194.0
2019-01-31,23194.0
2019-02-01,23203.0
2019-02-04,23203.0
2019-02-05,23203.0
2019-02-06,23203.0
2019-02-07,23203.0
2019-02-08,23203.0
2019-02-11,22862.69921875
2019-02-12,23203.0
2019-02-13,23203.0
2019-02-14,23203.0
2019-02-15,23203.0
2019-02-18,23203.0
2019-02-19,23203.0
2019-02-20,23203.0
2019-02-21,23203.0
2019-02-22,23203.0
2019-02-25,22851.5
2019-02-26,23203.0
2019-02-27,23203.0
2019-02-28,23198.0
2019-03-01,23198.0
2019-03-04,23198.0
2019-03-05,23198.0
2019-03-06,23198.0
2019-03-07,23198.0
2019-03-08,23198.0
2019-03-11,22793.69921875
2019-03-12,23198.0
2019-03-13,23198.0
2019-03-14,23198.0
2019-03-15,23198.0
2019-03-18,23198.0
2019-03-19,23198.0
2019-03-20,23198.0
2019-03-21,23198.0
2019-03-22,23198.0
2019-03-25,22803.80078125
2019-03-26,23198.0
2019-03-27,23198.0
2019-03-28,23198.0
2019-03-29,23198.0
2019-03-31,23198.0
2019-04-01,23198.0
2019-04-02,23198.0
2019-04-03,23198.0
2019-04-04,23198.0
2019-04-07,23198.0
2019-04-08,23198.0
2019-04-09,23198.0
2019-04-10,23198.0
2019-04-11,23198.0
2019-04-14,22833.19921875
2019-04-15,23164.5
2019-04-16,23167.5
2019-04-17,23163.5
2019-04-18,23168.5
2019-04-21,23177.5
2019-04-22,22868.400390625
2019-04-23,23182.5
2019-04-24,23182.80078125
2019-04-25,23185.0
2019-04-28,22876.30078125
2019-04-29,23254.900390625
2019-04-30,23255.0
2019-05-01,23243.80078125
2019-05-02,23235.0
2019-05-05,23217.5
2019-05-06,23246.5
2019-05-07,23260.0
2019-05-08,23332.5
2019-05-09,23365.0
2019-05-12,23312.5
2019-05-13,23294.0
2019-05-14,23345.0
2019-05-15,23290.0
2019-05-16,23272.69921875
2019-05-19,23357.5
2019-05-20,23372.5
2019-05-21,
2019-05-22,23048.599609375
2019-05-23,23354.0
2019-05-26,22990.19921875
2019-05-27,23355.0
2019-05-28,23087.19921875
2019-05-29,23367.5
2019-05-30,23382.69921875
2019-06-02,22945.900390625
2019-06-03,23359.5
2019-06-04,23362.5
2019-06-05,23375.0
2019-06-06,23368.0
2019-06-09,23362.0
2019-06-10,23330.0
2019-06-11,23330.0
2019-06-12,23285.5
2019-06-13,23285.0
2019-06-16,23034.5
2019-06-17,23315.0
2019-06-18,23301.0
2019-06-19,23300.0
2019-06-20,23265.0
2019-06-23,22876.5
2019-06-24,23262.5
2019-06-25,23272.599609375
2019-06-26,23270.0
2019-06-27,23280.0
2019-06-30,23275.0
2019-07-01,22997.599609375
2019-07-02,22901.30078125
2019-07-03,23215.0
2019-07-04,23215.0
2019-07-07,23202.5
2019-07-08,23202.5
2019-07-09,23202.5
2019-07-10,23202.5
2019-07-11,23202.5
2019-07-14,23202.5
2019-07-15,23166.5
2019-07-16,23166.0
2019-07-17,23167.5
2019-07-18,23179.80078125
2019-07-21,22901.099609375
2019-07-22,23192.5
2019-07-23,23175.0
2019-07-24,23175.0
2019-07-25,23175.099609375
2019-07-28,23176.5
2019-07-29,23207.0
2019-07-30,23207.0
2019-07-31,23207.0
2019-08-01,23207.0
2019-08-04,23207.0
2019-08-05,23207.0
2019-08-06,23207.0
2019-08-07,23207.0
2019-08-08,23207.0
2019-08-11,23207.0
2019-08-12,23207.0
2019-08-13,23207.0
2019-08-14,23207.0
2019-08-15,23207.0
2019-08-18,23207.0
2019-08-19,23207.0
2019-08-20,23207.0
2019-08-21,23207.0
2019-08-22,23207.0
2019-08-25,22459.900390625
2019-08-26,23207.0
2019-08-27,23207.0
2019-08-28,23207.0
2019-08-29,23207.0
2019-09-01,23207.0
2019-09-02,23207.0
2019-09-03,23207.0
2019-09-04,23207.0
2019-09-05,23207.0
2019-09-08,22626.5
2019-09-09,23207.0
2019-09-10,23207.0
2019-09-11,23207.0
2019-09-12,23207.0
2019-09-15,23207.0
2019-09-16,23207.0
2019-09-17,23207.0
2019-09-18,23207.0
2019-09-19,23207.0
2019-09-22,23207.0
2019-09-23,23207.0
2019-09-24,23207.0
2019-09-25,23207.0
2019-09-26,23207.0
2019-09-29,22835.099609375
2019-09-30,23207.0
2019-10-01,22764.900390625
2019-10-02,22756.0
2019-10-03,23207.0
2019-10-06,22855.19921875
2019-10-07,23207.0
2019-10-08,23207.0
2019-10-09,23207.0
2019-10-10,23207.0
2019-10-13,22842.7734375
2019-10-14,23207.0
2019-10-15,23207.0
2019-10-16,23207.0
2019-10-17,23207.0
2019-10-20,23207.0
2019-10-21,23207.0
2019-10-22,23207.0
2019-10-23,23207.0
2019-10-24,23207.0
2019-10-28,23207.0
2019-10-29,23207.0
2019-10-30,23207.0
2019-10-31,23207.0
2019-11-01,23207.0
2019-11-04,23207.0
2019-11-05,23207.0
2019-11-06,23207.0
2019-11-07,23207.0
2019-11-08,23207.0
2019-11-11,23207.0
2019-11-12,23207.0
2019-11-13,23207.0
2019-11-14,23207.0
2019-11-15,23207.0
2019-11-18,22802.74609375
2019-11-19,23207.0
2019-11-20,23207.0
2019-11-21,23207.0
2019-11-22,23207.0
2019-11-25,23207.0
2019-11-26,23207.0
2019-11-27,23207.0
2019-11-28,23207.0
2019-11-29,23207.0
2019-12-02,22771.517578125
2019-12-03,23207.0
2019-12-04,23207.0
2019-12-05,23171.0
2019-12-06,23171.0
2019-12-09,23171.0
2019-12-10,23171.0
2019-12-11,23171.0
2019-12-12,23171.0
2019-12-13,23171.0
2019-12-16,23171.0
2019-12-17,23171.0
2019-12-18,23171.0
2019-12-19,23171.0
2019-12-20,23171.0
2019-12-23,23171.0
2019-12-24,23171.0
2019-12-25,23171.0
2019-12-26,23171.0
2019-12-27,23171.0
2019-12-30,23171.0
2019-12-31,23171.0
2020-01-01,23171.0
2020-01-02,23171.0
2020-01-03,23171.0
2020-01-06,23171.0
2020-01-07,23171.0
2020-01-08,23171.0
2020-01-09,23171.0
2020-01-10,23171.0
2020-01-13,22761.69140625
2020-01-14,23171.0
2020-01-15,23171.0
2020-01-16,23171.0
2020-01-17,23171.0
2020-01-20,23171.0
2020-01-21,23171.0
2020-01-22,23171.0
2020-01-23,23171.0
2020-01-24,23171.0
2020-01-27,23171.0
2020-01-28,23171.0
2020-01-29,23171.0
2020-01-30,23171.0
2020-01-31,23182.0
2020-02-03,23182.0
2020-02-04,23182.0
2020-02-05,23237.0
2020-02-06,23237.0
2020-02-07,23237.0
2020-02-10,23237.0
2020-02-11,23237.0
2020-02-12,23237.0
2020-02-13,23237.0
2020-02-14,23237.0
2020-02-17,23237.0
2020-02-18,23237.0
2020-02-19,23235.0
2020-02-20,23235.0
2020-02-21,23235.0
2020-02-24,23235.0
2020-02-25,23235.0
2020-02-26,23235.0
2020-02-27,23240.0
2020-02-28,23240.0
2020-03-02,23234.0
2020-03-03,23234.0
2020-03-04,23234.0
2020-03-05,23204.0
2020-03-06,23204.0
2020-03-09,23204.0
2020-03-10,23204.0
2020-03-11,23204.0
2020-03-12,23204.0
2020-03-13,23204.0
2020-03-16,23204.0
2020-03-17,23204.0
2020-03-18,23244.0
2020-03-19,23244.0
2020-03-20,23244.0
2020-03-23,23244.0
2020-03-24,23244.0
2020-03-25,23244.0
2020-03-26,23244.0
2020-03-27,23244.0
2020-03-29,23010.337890625
2020-03-30,23631.0
2020-03-31,23631.0
2020-04-01,23631.0
2020-04-02,23631.0
2020-04-05,23631.0
2020-04-06,23631.0
2020-04-07,23631.0
2020-04-08,23631.0
2020-04-09,23631.0
2020-04-12,23631.0
2020-04-13,23631.0
2020-04-14,23449.0
2020-04-15,23441.0
2020-04-16,23441.0
2020-04-19,22972.873046875
2020-04-20,23441.0
2020-04-21,23441.0
2020-04-22,23441.0
2020-04-23,23441.0
2020-04-26,23441.0
2020-04-27,23441.0
2020-04-28,23444.0
2020-04-29,23444.0
2020-04-30,23444.0
2020-05-03,23444.0
2020-05-04,23444.0
2020-05-05,23444.0
2020-05-06,23444.0
2020-05-07,23444.0
2020-05-10,23399.0
2020-05-11,23399.0
2020-05-12,23334.0
2020-05-13,23334.0
2020-05-14,23334.0
2020-05-17,23334.0
2020-05-18,23334.0
2020-05-19,23334.0
2020-05-20,23334.0
2020-05-21,23334.0
2020-05-24,23334.0
2020-05-25,23334.0
2020-05-26,23312.0
2020-05-27,23312.0
2020-05-28,23309.0
2020-05-31,23280.0
2020-06-01,23264.0
2020-06-02,23264.0
2020-06-03,23264.0
2020-06-04,23264.0
2020-06-07,23264.0
2020-06-08,23264.0
2020-06-09,23264.0
2020-06-10,23264.0
2020-06-11,23264.0
2020-06-14,23264.0
2020-06-15,23264.0
2020-06-16,23264.0
2020-06-17,23264.0
2020-06-18,23264.0
2020-06-21,23264.0
2020-06-22,23264.0
2020-06-23,23264.0
2020-06-24,23264.0
2020-06-25,23264.0
2020-06-28,23210.0
2020-06-29,23264.0
2020-06-30,23264.0
2020-07-01,23264.0
2020-07-02,23202.0
2020-07-05,23199.0
2020-07-06,23201.0
2020-07-07,23180.0
2020-07-08,23188.0
2020-07-09,23184.0
2020-07-12,22824.259765625
2020-07-13,23179.0
2020-07-14,23181.0
2020-07-15,23183.0
2020-07-16,23184.0
2020-07-19,23191.0
2020-07-20,23188.0
2020-07-21,23180.0
2020-07-22,23184.0
2020-07-23,23180.0
2020-07-26,23175.0
2020-07-27,23181.0
2020-07-28,23170.0
2020-07-29,23175.0
2020-07-30,23175.0
2020-08-02,23170.0
2020-08-03,23170.0
2020-08-04,23175.0
2020-08-05,23174.0
2020-08-06,23173.0
2020-08-09,22903.845703125
2020-08-10,23170.0
2020-08-11,23174.0
2020-08-12,23175.0
2020-08-13,23174.0
2020-08-16,23174.0
2020-08-17,23174.0
2020-08-18,23174.0
2020-08-19,23174.0
2020-08-20,23174.0
2020-08-23,23175.0
2020-08-24,23177.0
2020-08-25,23170.0
2020-08-26,23174.0
2020-08-27,23174.0
2020-08-30,23174.0
2020-08-31,23174.0
2020-09-01,23174.0
2020-09-02,23174.0
2020-09-03,23174.0
2020-09-06,23178.0
2020-09-07,23174.0
2020-09-08,23176.0
2020-09-09,23175.0
2020-09-10,23173.0
2020-09-13,23174.0
2020-09-14,23175.0
2020-09-15,23175.0
2020-09-16,23178.0
2020-09-17,23170.0
2020-09-20,23170.0
2020-09-21,23178.0
2020-09-22,23177.0
2020-09-23,23185.0
2020-09-24,23184.0
2020-09-27,23191.0
2020-09-28,23188.0
2020-09-29,23190.0
2020-09-30,23181.0
2020-10-01,23188.0
2020-10-04,23191.0
2020-10-05,23203.0
2020-10-06,23205.0
2020-10-07,23205.0
2020-10-08,23191.0
2020-10-11,23180.0
2020-10-12,23178.0
2020-10-13,23177.0
2020-10-14,23175.0
2020-10-15,23170.0
2020-10-18,23175.0
2020-10-19,23175.0
2020-10-20,23179.0
2020-10-21,23177.0
2020-10-22,23176.0
2020-10-26,23176.0
2020-10-27,23175.0
2020-10-28,23175.0
2020-10-29,23176.0
2020-10-30,23170.0
2020-11-02,23180.0
2020-11-03,23177.0
2020-11-04,23176.0
2020-11-05,23176.0
2020-11-06,23175.0
2020-11-09,23176.0
2020-11-10,23170.0
2020-11-11,23173.0
2020-11-12,23175.0
2020-11-13,23175.0
2020-11-16,23175.0
2020-11-17,23175.0
2020-11-18,23163.0
2020-11-19,23160.0
2020-11-20,23176.0
2020-11-23,23176.0
2020-11-24,23177.0
2020-11-25,23151.0
2020-11-26,23160.0
2020-11-27,23164.0
2020-11-30,23160.0
2020-12-01,23140.0
2020-12-02,23129.0
2020-12-03,23129.0
2020-12-04,23125.0
2020-12-07,23130.0
2020-12-08,23127.0
2020-12-09,23128.0
2020-12-10,23128.0
2020-12-11,23128.0
2020-12-14,23128.0
2020-12-15,23126.0
2020-12-16,23126.0
2020-12-17,23126.0
2020-12-18,23120.0
2020-12-21,23124.0
2020-12-22,23120.0
2020-12-23,23127.0
2020-12-24,23130.0
2020-12-25,23125.0
2020-12-28,23130.0
2020-12-29,23125.0
2020-12-30,23120.0
2020-12-31,23088.0
2021-01-01,23070.0
2021-01-04,23070.0
2021-01-05,23070.0
2021-01-06,23080.0
2021-01-07,23090.0
2021-01-08,23078.0
2021-01-11,22788.548828125
2021-01-12,23050.0
2021-01-13,23065.0
2021-01-14,23064.0
2021-01-15,23064.0
2021-01-18,22818.826171875
2021-01-19,23069.0
2021-01-20,23069.0
2021-01-21,23072.0
2021-01-22,23060.0
2021-01-25,23070.0
2021-01-26,23060.0
2021-01-27,23069.0
2021-01-28,23069.0
2021-01-29,23059.0
2021-02-01,22699.072265625
2021-02-02,23045.0
2021-02-03,23027.0
2021-02-04,23020.0
2021-02-05,23015.0
2021-02-08,23000.0
2021-02-09,22970.0
2021-02-10,23010.0
2021-02-11,23010.0
2021-02-12,23010.0
2021-02-15,23010.0
2021-02-16,23010.0
2021-02-17,23010.0
2021-02-18,23010.0
2021-02-19,23015.0
2021-02-22,22727.703125
2021-02-23,23020.0
2021-02-24,23025.0
2021-02-25,23020.0
2021-02-26,23025.0
2021-03-01,23015.0
2021-03-02,23020.0
2021-03-03,23022.0
2021-03-04,23020.0
2021-03-05,23019.0
2021-03-08,23033.0
2021-03-09,22707.5
2021-03-10,22726.470703125
2021-03-11,23052.0
2021-03-12,23051.0
2021-03-15,22651.580078125
2021-03-16,23081.0
2021-03-17,23082.0
2021-03-18,23045.0
2021-03-19,23065.0
2021-03-22,22761.62890625
2021-03-23,23076.0
2021-03-24,23070.0
2021-03-25,23080.0
2021-03-26,23084.0
2021-03-28,23084.0
2021-03-29,23070.0
2021-03-30,23070.0
2021-03-31,23074.0
2021-04-01,23065.0
2021-04-04,23073.0
2021-04-05,23079.0
2021-04-06,23090.0
2021-04-07,23090.0
2021-04-08,23085.0
2021-04-11,22697.6328125
2021-04-12,23067.0
2021-04-13,23069.0
2021-04-14,23078.0
2021-04-15,23073.0
2021-04-18,22747.548828125
2021-04-19,23073.0
2021-04-20,23074.0
2021-04-21,23074.0
2021-04-22,23070.0
2021-04-25,22664.841796875
2021-04-26,23040.0
2021-04-27,23042.0
2021-04-28,23047.0
2021-04-29,23054.0
2021-05-02,22837.033203125
2021-05-03,23054.0
2021-05-04,23050.0
2021-05-05,23060.0
2021-05-06,23067.0
2021-05-09,22562.2265625
2021-05-10,23060.0
2021-05-11,23055.0
2021-05-12,23053.0
2021-05-13,23040.0
2021-05-16,23048.0
2021-05-17,23046.0
2021-05-18,23040.0
2021-05-19,23045.0
2021-05-20,23045.0
2021-05-23,23054.0
2021-05-24,23056.0
2021-05-25,23060.0
2021-05-26,23055.0
2021-05-27,23045.0
2021-05-30,23045.0
2021-05-31,23040.0
2021-06-01,23044.0
2021-06-02,23040.0
2021-06-03,23041.0
2021-06-06,23044.0
2021-06-07,23000.0
2021-06-08,22952.0
2021-06-09,22955.0
2021-06-10,22947.0
2021-06-13,22945.0
2021-06-14,22944.0
2021-06-15,22947.0
2021-06-16,22946.0
2021-06-17,22960.0
2021-06-20,22995.0
2021-06-21,23014.0
2021-06-22,23025.0
2021-06-23,23020.0
2021-06-24,23003.0
2021-06-27,22700.0546875
2021-06-28,23020.0
2021-06-29,23020.0
2021-06-30,23014.0
2021-07-01,23010.0
2021-07-04,22590.8125
2021-07-05,22996.0
2021-07-06,23007.0
2021-07-07,23015.0
2021-07-08,23007.0
2021-07-11,22626.92578125
2021-07-12,23020.0
2021-07-13,23010.0
2021-07-14,23011.0
2021-07-15,23009.0
2021-07-18,22667.59375
2021-07-19,23020.0
2021-07-20,23026.0
2021-07-21,23022.0
2021-07-22,23010.0
2021-07-25,22652.552734375
2021-07-26,23008.0
2021-07-27,23005.0
2021-07-28,22999.0
2021-07-29,22965.0
2021-08-01,22950.0
2021-08-02,22950.0
2021-08-03,22950.0
2021-08-04,22945.0
2021-08-05,22936.0
2021-08-08,22672.322265625
2021-08-09,22925.0
2021-08-10,22887.0
2021-08-11,22809.0
2021-08-12,22805.0
2021-08-15,22830.0
2021-08-16,22830.0
2021-08-17,22830.0
2021-08-18,22807.0
2021-08-19,22812.0
2021-08-22,22451.056640625
2021-08-23,22825.0
2021-08-24,22820.0
2021-08-25,22790.0
2021-08-26,22785.0
2021-08-29,22789.0
2021-08-30,22775.0
2021-08-31,22775.0
2021-09-01,22760.0
2021-09-02,22760.0
2021-09-05,22760.0
2021-09-06,22760.0
2021-09-07,22758.0
2021-09-08,22757.0
2021-09-09,22765.0
2021-09-12,22757.0
2021-09-13,22759.0
2021-09-14,22759.0
2021-09-15,22758.0
2021-09-16,22753.0
2021-09-19,22770.0
2021-09-20,22769.0
2021-09-21,22755.0
2021-09-22,22760.0
2021-09-23,22762.0
2021-09-26,22760.0
2021-09-27,22766.0
2021-09-28,22761.0
2021-09-29,22753.0
2021-09-30,22750.0
2021-10-03,22757.0
2021-10-04,22757.0
2021-10-05,22754.0
2021-10-06,22750.0
2021-10-07,22750.0
2021-10-10,22399.798828125
2021-10-11,22750.0
2021-10-12,22757.0
2021-10-13,22757.0
2021-10-14,22757.0
2021-10-17,22758.0
2021-10-18,22758.0
2021-10-19,22755.0
2021-10-20,22755.0
2021-10-21,22750.0
2021-10-24,22394.345703125
2021-10-25,22745.0
2021-10-26,22757.0
2021-10-27,22755.0
2021-10-28,22750.0
2021-11-01,22750.0
2021-11-02,22750.0
2021-11-03,22748.0
2021-11-04,22747.0
2021-11-05,22680.0
2021-11-08,22680.0
2021-11-09,22660.0
2021-11-10,22662.0
2021-11-11,22660.0
2021-11-12,22645.0
2021-11-15,22640.0
2021-11-16,22645.0
2021-11-17,22650.0
2021-11-18,22648.0
2021-11-19,22650.0
2021-11-22,22657.0
2021-11-23,22670.0
2021-11-24,22675.0
2021-11-25,22680.0
2021-11-26,22670.0
2021-11-29,22678.0
2021-11-30,22690.0
2021-12-01,22688.0
2021-12-02,22710.0
2021-12-03,22730.0
2021-12-06,22830.0
2021-12-07,23020.0
2021-12-08,23070.0
2021-12-09,22920.0
2021-12-10,22980.0
2021-12-13,23025.0
2021-12-14,22975.0
2021-12-15,23000.0
2021-12-16,23030.0
2021-12-17,22990.0
2021-12-20,22980.0
2021-12-21,22928.0
2021-12-22,22933.0
2021-12-23,22955.0
2021-12-24,22950.0
2021-12-27,22840.0
2021-12-28,22810.0
2021-12-29,22835.0
2021-12-30,22820.0
2021-12-31,22765.0
2022-01-03,22825.0
2022-01-04,22825.0
2022-01-05,22752.0
2022-01-06,22755.0
2022-01-07,22745.0
2022-01-10,22685.0
2022-01-11,22695.0
2022-01-12,22698.0
2022-01-13,22698.0
2022-01-14,22710.0
2022-01-17,22710.0
2022-01-18,22720.0
2022-01-19,22750.0
2022-01-20,22700.0
2022-01-21,22645.0
2022-01-24,22625.0
2022-01-25,22675.0
2022-01-26,22630.0
2022-01-27,22630.0
2022-01-28,22630.0
2022-01-31,22645.0
2022-02-01,22645.0
2022-02-02,22645.0
2022-02-03,22645.0
2022-02-04,22645.0
2022-02-07,22645.0
2022-02-08,22665.0
2022-02-09,22715.0
2022-02-10,22680.0
2022-02-11,22680.0
2022-02-14,22685.0
2022-02-15,22725.0
2022-02-16,22750.0
2022-02-17,22750.0
2022-02-18,22785.0
2022-02-21,22820.0
2022-02-22,22800.0
2022-02-23,22815.0
2022-02-24,22825.0
2022-02-25,22840.0
2022-02-28,22820.0
2022-03-01,22805.0
2022-03-02,22815.0
2022-03-03,22840.0
2022-03-04,22835.0
2022-03-07,22830.0
2022-03-08,22845.0
2022-03-09,22845.0
2022-03-10,22835.0
2022-03-11,22835.0
2022-03-14,22873.0
2022-03-15,22890.0
2022-03-16,22880.0
2022-03-17,22879.0
2022-03-18,22865.0
2022-03-21,22860.0
2022-03-22,22860.0
2022-03-23,22870.0
2022-03-24,22872.0
2022-03-25,22869.0
2022-03-27,22861.0
2022-03-28,22860.0
2022-03-29,22865.0
2022-03-30,22854.0
2022-03-31,22838.0
2022-04-03,22837.0
2022-04-04,22846.0
2022-04-05,22873.0
2022-04-06,22866.0
2022-04-07,22859.0
2022-04-10,22860.0
2022-04-11,22860.0
2022-04-12,22888.0
2022-04-13,22887.0
2022-04-14,22900.0
2022-04-17,22899.0
2022-04-18,22890.0
2022-04-19,22955.0
2022-04-20,22962.0
2022-04-21,22962.0
2022-04-24,22965.0
2022-04-25,22983.0
2022-04-26,22970.0
2022-04-27,22965.0
2022-04-28,22956.0
2022-05-01,22962.0
2022-05-02,22962.0
2022-05-03,22962.0
2022-05-04,22966.0
2022-05-05,22955.0
2022-05-08,22955.0
2022-05-09,22950.0
2022-05-10,22941.0
2022-05-11,23050.0
2022-05-12,23096.0
2022-05-15,23086.0
2022-05-16,23095.0
2022-05-17,23120.0
2022-05-18,23139.0
2022-05-19,23140.0
2022-05-22,23160.0
2022-05-23,23170.0
2022-05-24,23210.0
2022-05-25,23190.0
2022-05-26,23205.0
2022-05-29,23195.0
2022-05-30,23176.0
2022-05-31,23185.0
2022-06-01,23196.0
2022-06-02,23193.0
2022-06-05,23187.0
2022-06-06,23180.0
2022-06-07,23185.0
2022-06-08,23187.0
2022-06-09,23155.0
2022-06-12,23177.0
2022-06-13,23195.0
2022-06-14,23210.0
2022-06-15,23230.0
2022-06-16,23232.0
2022-06-19,23220.0
2022-06-20,23230.0
2022-06-21,23226.0
2022-06-22,23235.0
2022-06-23,23244.0
2022-06-26,23247.0
2022-06-27,23245.0
2022-06-28,23255.0
2022-06-29,23265.0
2022-06-30,23255.0
2022-07-03,23300.0
2022-07-04,23335.0
2022-07-05,23360.0
2022-07-06,23373.0
2022-07-07,23350.0
2022-07-10,23355.0
2022-07-11,23347.0
2022-07-12,23389.0
2022-07-13,23388.0
2022-07-14,23415.0
2022-07-17,23450.0
2022-07-18,23440.0
2022-07-19,23412.0
2022-07-20,23410.0
2022-07-21,23410.0
2022-07-24,23400.0
2022-07-25,23385.0
2022-07-26,23370.0
2022-07-27,23375.0
2022-07-28,23358.0
2022-07-31,23335.0
2022-08-01,23355.0
2022-08-02,23353.0
2022-08-03,23394.0
2022-08-04,23393.0
2022-08-07,23385.0
2022-08-08,23388.0
2022-08-09,23385.0
2022-08-10,23385.0
2022-08-11,23390.0
2022-08-14,23392.0
2022-08-15,23400.0
2022-08-16,23403.0
2022-08-17,23401.0
2022-08-18,23401.0
2022-08-21,23400.0
2022-08-22,23410.0
2022-08-23,23430.0
2022-08-24,23425.0
2022-08-25,23423.0
2022-08-28,23412.0
2022-08-29,23430.0
2022-08-30,23415.0
2022-08-31,23450.0
2022-09-01,23450.0
2022-09-04,23450.0
2022-09-05,23505.0
2022-09-06,23520.0
2022-09-07,23580.0
2022-09-08,23542.0
2022-09-11,23515.0
2022-09-12,23520.0
2022-09-13,23553.0
2022-09-14,23590.0
2022-09-15,23620.0
2022-09-18,23650.0
2022-09-19,23670.0
2022-09-20,23670.0
2022-09-21,23690.0
2022-09-22,23700.0
2022-09-25,23700.0
2022-09-26,23715.0
2022-09-27,23730.0
2022-09-28,23730.0
2022-09-29,23820.0
2022-10-02,23855.0
2022-10-03,23880.0
2022-10-04,23875.0
2022-10-05,23865.0
2022-10-06,23870.0
2022-10-09,23875.0
2022-10-10,23870.0
2022-10-11,23925.0
2022-10-12,23945.0
2022-10-13,24120.0
2022-10-16,24110.0
2022-10-17,24310.0
2022-10-18,24430.0
2022-10-19,24450.0
2022-10-20,24530.0
2022-10-23,24820.0
2022-10-24,24830.0
2022-10-25,24840.0
2022-10-26,24830.0
2022-10-27,24830.0
2022-10-31,24820.0
2022-11-01,24840.0
2022-11-02,24850.0
2022-11-03,24835.0
2022-11-04,24860.0
2022-11-07,24870.0
2022-11-08,24870.0
2022-11-09,24871.0
2022-11-10,24862.0
2022-11-11,24865.0
2022-11-14,24805.0
2022-11-15,24735.0
2022-11-16,24765.0
2022-11-17,24775.0
2022-11-18,24805.0
2022-11-21,24800.0
2022-11-22,24835.0
2022-11-23,24850.0
2022-11-24,24844.0
2022-11-25,24833.0
2022-11-28,24760.0
2022-11-29,24770.0
2022-11-30,24750.0
2022-12-01,24630.0
2022-12-02,24500.0
2022-12-05,24350.0
2022-12-06,23980.0
2022-12-07,23980.0
2022-12-08,23900.0
2022-12-09,23780.0
2022-12-12,23550.0
2022-12-13,23680.0
2022-12-14,23600.0
2022-12-15,23520.0
2022-12-16,23500.0
2022-12-19,23580.0
2022-12-20,23700.0
2022-12-21,23730.0
2022-12-22,23700.0
2022-12-23,23630.0
2022-12-26,23560.0
2022-12-27,23590.0
2022-12-28,23580.0
2022-12-29,23620.0
2022-12-30,23600.0
2023-01-02,23610.0
2023-01-03,23610.0
2023-01-04,23515.0
2023-01-05,23510.0
2023-01-06,23475.0
2023-01-09,23460.0
2023-01-10,23447.0
2023-01-11,23445.0
2023-01-12,23440.0
2023-01-13,23438.0
2023-01-16,23435.0
2023-01-17,23434.0
2023-01-18,23427.0
2023-01-19,23437.0
2023-01-20,23440.0
2023-01-23,23440.0
2023-01-24,23440.0
2023-01-25,23440.0
2023-01-26,23440.0
2023-01-27,23440.0
2023-01-30,23460.0
2023-01-31,23470.0
2023-02-01,23445.0
2023-02-02,23440.0
2023-02-03,23449.0
2023-02-06,23440.0
2023-02-07,23480.0
2023-02-08,23600.0
2023-02-09,23590.0
2023-02-10,23560.0
2023-02-13,23565.0
2023-02-14,23595.0
2023-02-15,23600.0
2023-02-16,23615.0
2023-02-17,23680.0
2023-02-20,23810.0
2023-02-21,23725.0
2023-02-22,23705.0
2023-02-23,23780.0
2023-02-24,23815.0
2023-02-27,23780.0
2023-02-28,23805.0
2023-03-01,23740.0
2023-03-02,23710.0
2023-03-03,23700.0
2023-03-06,23710.0
2023-03-07,23650.0
2023-03-08,23640.0
2023-03-09,23710.0
2023-03-10,23680.0
2023-03-13,23660.0
2023-03-14,23570.0
2023-03-15,23570.0
2023-03-16,23565.0
2023-03-17,23560.0
2023-03-20,23570.0
2023-03-21,23570.0
2023-03-22,23570.0
2023-03-23,23510.0
2023-03-24,23490.0
2023-03-26,23510.0
2023-03-27,23500.0
2023-03-28,23480.0
2023-03-29,23480.0
2023-03-30,23470.0
2023-04-02,23450.0
2023-04-03,23470.0
2023-04-04,23460.0
2023-04-05,23465.0
2023-04-06,23451.0
2023-04-09,23442.0
2023-04-10,23442.0
2023-04-11,23445.0
2023-04-12,23442.0
2023-04-13,23440.0
2023-04-16,23440.0
2023-04-17,23485.0
2023-04-18,23505.0
2023-04-19,23511.0
2023-04-20,23488.0
2023-04-23,23485.0
2023-04-24,23494.0
2023-04-25,23473.0
2023-04-26,23465.0
2023-04-27,23445.0
2023-04-30,23450.0
2023-05-01,23450.0
2023-05-02,23450.0
2023-05-03,23450.0
2023-05-04,23445.0
2023-05-07,23440.0
2023-05-08,23443.0
2023-05-09,23460.0
2023-05-10,23465.0
2023-05-11,23465.0
2023-05-14,23450.0
2023-05-15,23452.0
2023-05-16,23450.0
2023-05-17,23450.0
2023-05-18,23450.0
2023-05-21,23460.0
2023-05-22,23438.0
2023-05-23,23470.0
2023-05-24,23470.0
2023-05-25,23470.0
2023-05-28,23475.0
2023-05-29,23465.0
2023-05-30,23480.0
2023-05-31,23485.0
2023-06-01,23485.0
2023-06-04,23475.0
2023-06-05,23495.0
2023-06-06,23485.0
2023-06-07,23485.0
2023-06-08,23490.0
2023-06-11,23470.0
2023-06-12,23480.0
2023-06-13,23495.0
2023-06-14,23500.0
2023-06-15,23525.0
2023-06-18,23520.0
2023-06-19,23520.0
2023-06-20,23520.0
2023-06-21,23505.0
2023-06-22,23515.0
2023-06-25,23515.0
2023-06-26,23530.0
2023-06-27,23520.0
2023-06-28,23555.0
2023-06-29,23569.0
2023-07-02,23575.0
2023-07-03,23695.0
2023-07-04,23700.0
2023-07-05,23745.0
2023-07-06,23710.0
2023-07-09,23635.0
2023-07-10,23640.0
2023-07-11,23690.0
2023-07-12,23660.0
2023-07-13,23665.0
2023-07-16,23630.0
2023-07-17,23630.0
2023-07-18,23635.0
2023-07-19,23630.0
2023-07-20,23647.0
2023-07-23,23656.0
2023-07-24,23665.0
2023-07-25,23655.0
2023-07-26,23665.0
2023-07-27,23661.0
2023-07-30,23685.0
2023-07-31,23680.0
2023-08-01,23680.0
2023-08-02,23735.0
2023-08-03,23750.0
2023-08-06,23725.0
2023-08-07,23720.0
2023-08-08,23730.0
2023-08-09,23735.0
2023-08-10,23740.0
2023-08-13,23750.0
2023-08-14,23815.0
2023-08-15,23965.0
2023-08-16,23935.0
2023-08-17,23850.0
2023-08-20,23850.0
2023-08-21,23850.0
2023-08-22,23850.0
2023-08-23,23900.0
2023-08-24,23900.0
2023-08-27,23975.0
2023-08-28,24080.0
2023-08-29,24180.0
2023-08-30,24110.0
2023-08-31,24060.0
2023-09-03,24060.0
2023-09-04,24060.0
2023-09-05,24050.0
2023-09-06,24055.0
2023-09-07,24060.0
2023-09-10,24055.0
2023-09-11,24075.0
2023-09-12,24100.0
2023-09-13,24080.0
2023-09-14,24220.0
2023-09-17,24250.0
2023-09-18,24370.0
2023-09-19,24370.0
2023-09-20,24270.0
2023-09-21,24310.0
2023-09-24,24360.0
2023-09-25,24380.0
2023-09-26,24380.0
2023-09-27,24385.0
2023-09-28,24385.0
2023-10-01,24280.0
2023-10-02,24340.0
2023-10-03,24385.0
2023-10-04,24420.0
2023-10-05,24380.0
2023-10-08,24360.0
2023-10-09,24370.0
2023-10-10,24390.0
2023-10-11,24440.0
2023-10-12,24435.0
2023-10-15,24440.0
2023-10-16,24460.0
2023-10-17,24490.0
2023-10-18,24555.0
2023-10-19,24550.0
2023-10-22,24520.0
2023-10-23,24590.0
2023-10-24,24550.0
2023-10-25,24560.0
2023-10-26,24604.0
2023-10-30,24570.0
2023-10-31,24558.0
2023-11-01,24560.0
2023-11-02,24585.0
2023-11-03,24570.0
2023-11-06,24520.0
2023-11-07,24335.0
2023-11-08,24310.0
2023-11-09,24370.0
2023-11-10,24340.0
2023-11-13,24315.0
2023-11-14,24381.0
2023-11-15,24376.0
2023-11-16,24286.0
2023-11-17,24288.0
2023-11-20,24250.0
2023-11-21,24170.0
2023-11-22,24130.0
2023-11-23,24205.0
2023-11-24,24240.0
2023-11-27,24260.0
2023-11-28,24230.0
2023-11-29,24240.0
2023-11-30,24260.0
2023-12-01,24250.0
2023-12-04,24270.0
2023-12-05,24250.0
2023-12-06,24266.0
2023-12-07,24274.0
2023-12-08,24275.0
2023-12-11,24220.0
2023-12-12,24250.0
2023-12-13,24260.0
2023-12-14,24279.0
2023-12-15,24245.0
2023-12-18,24260.0
2023-12-19,24350.0
2023-12-20,24350.0
2023-12-21,24335.0
2023-12-22,24320.0
2023-12-25,24235.0
2023-12-26,24230.0
2023-12-27,24325.0
2023-12-28,24345.0
2023-12-29,24235.0
2024-01-01,24260.0
2024-01-02,24260.0
2024-01-03,24325.0
2024-01-04,24370.0
2024-01-05,24360.0
2024-01-08,24370.0
2024-01-09,24330.0
2024-01-10,24360.0
2024-01-11,24405.0
2024-01-12,24475.0
2024-01-15,24490.0
2024-01-16,24470.0
2024-01-17,24500.0
2024-01-18,24500.0
2024-01-19,24545.0
2024-01-22,24540.0
2024-01-23,24550.0
2024-01-24,24565.0
2024-01-25,24600.0
2024-01-26,24605.0
2024-01-29,24595.0
2024-01-30,24530.0
2024-01-31,24395.0
2024-02-01,24415.0
2024-02-02,24400.0
2024-02-05,24335.0
2024-02-06,24370.0
2024-02-07,24355.0
2024-02-08,24400.0
2024-02-09,24400.0
2024-02-12,24400.0
2024-02-13,24400.0
2024-02-14,24400.0
2024-02-15,24400.0
2024-02-16,24450.0
2024-02-19,24510.0
2024-02-20,24530.0
2024-02-21,24525.0
2024-02-22,24525.0
2024-02-23,24590.0
2024-02-26,24630.0
2024-02-27,24660.0
2024-02-28,24625.0
2024-02-29,24620.0
2024-03-01,24640.0
2024-03-04,24640.0
2024-03-05,24676.0
2024-03-06,24690.0
2024-03-07,24665.0
2024-03-08,24680.0
2024-03-11,24640.0
2024-03-12,24635.0
2024-03-13,24645.0
2024-03-14,24675.0
2024-03-15,24690.0
2024-03-18,24720.0
2024-03-19,24715.0
2024-03-20,24740.0
2024-03-21,24775.0
2024-03-22,24785.0
2024-03-25,24768.0
2024-03-26,24740.0
2024-03-27,24770.0
2024-03-28,24785.0
2024-03-29,24790.0
2024-03-31,24810.0
2024-04-01,24795.0
2024-04-02,24900.0
2024-04-03,25000.0
2024-04-04,24935.0
2024-04-07,24950.0
2024-04-08,24960.0
2024-04-09,24945.0
2024-04-10,24935.0
2024-04-11,24980.0
2024-04-14,25000.0
2024-04-15,25180.0
2024-04-16,25280.0
2024-04-17,25400.0
2024-04-18,25400.0
2024-04-21,25440.0
2024-04-22,25455.0
2024-04-23,25440.0
2024-04-24,25405.0
2024-04-25,25350.0
2024-04-28,25330.0
2024-04-29,25330.0
2024-04-30,25330.0
2024-05-01,25330.0
2024-05-02,25390.0
2024-05-05,25400.0
2024-05-06,25370.0
2024-05-07,25400.0
2024-05-08,25425.0
2024-05-09,25440.0
2024-05-12,25450.0
2024-05-13,25453.0
2024-05-14,25450.0
2024-05-15,25445.0
2024-05-16,25431.0
2024-05-19,25448.0
2024-05-20,25452.0
2024-05-21,25461.0
2024-05-22,25464.0
2024-05-23,25469.0
2024-05-26,25465.0
2024-05-27,25445.0
2024-05-28,25448.0
2024-05-29,25450.0
2024-05-30,25450.0
2024-06-02,25440.0
2024-06-03,25432.0
2024-06-04,25410.0
2024-06-05,25415.0
2024-06-06,25420.0
2024-06-09,25400.0
2024-06-10,25415.0
2024-06-11,25435.0
2024-06-12,25435.0
2024-06-13,25435.0
2024-06-16,25450.0
2024-06-17,25425.0
2024-06-18,25445.0
2024-06-19,25450.0
2024-06-20,25450.0
2024-06-23,25425.0
2024-06-24,25455.0
2024-06-25,25455.0
2024-06-26,25465.0
2024-06-27,25455.0
2024-06-30,25445.0
2024-07-01,25450.0
2024-07-02,25450.0
2024-07-03,25450.0
2024-07-04,25450.0
2024-07-07,25412.0
2024-07-08,25415.0
2024-07-09,25413.0
2024-07-10,25415.0
2024-07-11,25420.0
2024-07-14,25410.0
2024-07-15,25360.0
2024-07-16,25375.0
2024-07-17,25315.0
2024-07-18,25310.0
2024-07-21,25300.0
2024-07-22,25325.0
2024-07-23,25345.0
2024-07-24,25350.0
2024-07-25,25285.0
2024-07-28,25300.0
2024-07-29,25275.0
2024-07-30,25275.0
2024-07-31,25235.0
2024-08-01,25215.0
2024-08-04,25205.0
2024-08-05,25080.0
2024-08-06,25130.0
2024-08-07,25155.0
2024-08-08,25135.0
2024-08-11,25090.0
2024-08-12,25120.0
2024-08-13,25115.0
2024-08-14,25020.0
2024-08-15,25035.0
2024-08-18,25050.0
2024-08-19,24960.0
2024-08-20,24915.0
2024-08-21,24930.0
2024-08-22,24960.0
2024-08-25,24965.0
2024-08-26,24860.0
2024-08-27,24820.0
2024-08-28,24855.0
2024-08-29,24870.0
2024-09-01,24860.0
2024-09-02,24860.0
2024-09-03,24860.0
2024-09-04,24852.0
2024-09-05,24730.0
2024-09-08,24600.0
2024-09-09,24680.0
2024-09-10,24660.0
2024-09-11,24550.0
2024-09-12,24575.0
2024-09-15,24530.0
2024-09-16,24530.0
2024-09-17,24620.0
2024-09-18,24600.0
2024-09-19,24565.0
2024-09-22,24590.0
2024-09-23,24615.0
2024-09-24,24590.0
2024-09-25,24580.0
2024-09-26,24615.0
2024-09-29,24590.0
2024-09-30,24555.0
2024-10-01,24595.0
2024-10-02,24652.0
2024-10-03,24745.0
2024-10-06,24755.0
2024-10-07,24840.0
2024-10-08,24835.0
2024-10-09,24830.0
2024-10-10,24830.0
2024-10-13,24800.0
2024-10-14,24840.0
2024-10-15,24925.0
2024-10-16,24970.0
2024-10-17,25180.0
2024-10-20,25150.0
2024-10-21,25285.0
2024-10-22,25390.0
2024-10-23,25400.0
2024-10-24,25385.0
2024-10-28,25355.0
2024-10-29,25345.0
2024-10-30,25295.0
2024-10-31,25280.0
2024-11-01,25270.0
2024-11-04,25280.0
2024-11-05,25310.0
2024-11-06,25330.0
2024-11-07,25370.0
2024-11-08,25350.0
2024-11-11,25260.0
2024-11-12,25310.0
2024-11-13,25340.0
2024-11-14,25330.0
2024-11-15,25390.0
2024-11-18,25380.0
2024-11-19,25405.0
2024-11-20,25395.0
2024-11-21,25415.0
2024-11-22,25415.0
2024-11-25,25417.0
2024-11-26,25410.0
2024-11-27,25405.0
2024-11-28,25375.0
2024-11-29,25358.0
2024-12-02,25344.0
2024-12-03,25374.0
2024-12-04,25395.0
2024-12-05,25400.0
2024-12-06,25393.0
2024-12-09,25375.0
2024-12-10,25370.0
2024-12-11,25360.0
2024-12-12,25380.0
2024-12-13,25394.0
2024-12-16,25400.0
2024-12-17,25385.0
2024-12-18,25430.0
2024-12-19,25445.0
2024-12-20,25450.0
2024-12-23,25445.0
2024-12-24,25440.0
2024-12-25,25425.0
2024-12-26,25420.0
2024-12-27,25425.0
2024-12-30,25445.0
2024-12-31,25476.0
2025-01-01,
2025-01-02,25480.0
2025-01-03,25450.0
2025-01-06,25400.0
2025-01-07,25370.0
2025-01-08,25360.0
2025-01-09,25370.0
2025-01-10,25375.0
2025-01-13,25360.0
2025-01-14,25390.0
2025-01-15,25380.0
2025-01-16,25375.0
2025-01-17,25370.0
2025-01-20,25300.0
2025-01-21,25315.0
2025-01-22,25260.0
2025-01-23,25050.0
2025-01-24,25080.0
2025-01-27,25060.0
2025-01-28,25060.0
2025-01-29,25060.0
2025-01-30,25060.0
2025-01-31,25060.0
2025-02-03,25060.0
2025-02-04,25280.0
2025-02-05,25280.0
2025-02-06,25145.0
2025-02-07,25260.0
2025-02-10,25290.0
2025-02-11,25380.0
2025-02-12,25530.0
2025-02-13,25550.0
2025-02-14,25440.0
2025-02-17,25370.0
2025-02-18,25470.0
2025-02-19,25500.0
2025-02-20,25515.0
2025-02-21,25500.0
2025-02-24,25510.0
2025-02-25,25468.0
2025-02-26,25520.0
2025-02-27,25535.0
2025-02-28,25520.0
2025-03-03,25530.0
2025-03-04,25575.0
2025-03-05,25540.0
2025-03-06,25490.0
2025-03-07,25485.0
2025-03-10,25480.0
2025-03-11,25525.0
2025-03-12,25450.0
2025-03-13,25445.0
2025-03-14,25490.0
2025-03-17,25500.0
2025-03-18,25510.0
2025-03-19,25510.0
2025-03-20,25535.0
2025-03-21,25545.0
2025-03-24,25585.0
2025-03-25,25620.0
2025-03-26,25600.0
2025-03-27,25555.0
2025-03-28,25560.0
2025-03-30,25550.0
2025-03-31,25565.0
2025-04-01,25620.0
2025-04-02,25600.0
2025-04-03,25600.0
2025-04-06,25770.0
2025-04-07,25780.0
2025-04-08,25995.0
2025-04-09,25960.0
2025-04-10,25720.0
2025-04-13,25715.0
2025-04-14,25824.0
2025-04-15,25790.0
2025-04-16,25830.0
2025-04-17,
2025-04-20,
2025-04-21,25871.0
2025-04-22,25932.0
2025-04-23,25965.0
2025-04-24,26026.0
2025-04-27,26019.0
2025-04-28,25970.0
2025-04-29,25980.0
2025-04-30,25980.0
2025-05-01,25980.0
2025-05-04,25980.0
2025-05-05,25942.0
2025-05-06,25948.0
2025-05-07,25953.0
2025-05-08,25959.0
2025-05-11,25952.0
2025-05-12,25960.0
2025-05-13,25951.0
2025-05-14,25924.0
2025-05-15,25920.0
2025-05-18,25917.0
2025-05-19,25932.0
2025-05-20,25950.0
2025-05-21,25950.0
2025-05-22,25973.0
2025-05-25,25946.0
2025-05-26,25897.0
2025-05-27,25903.0
2025-05-28,25950.0
2025-05-29,25996.0
2025-06-01,26019.0
2025-06-02,26022.0
2025-06-03,26038.0
2025-06-04,26071.0
2025-06-05,26056.0
2025-06-08,26047.0
2025-06-09,26025.0
2025-06-10,25990.0
2025-06-11,26010.0
2025-06-12,26020.0
2025-06-15,26050.0
2025-06-16,26030.0
2025-06-17,26072.0
2025-06-18,26092.0
2025-06-19,26123.0
2025-06-22,26119.0
2025-06-23,26190.0
2025-06-24,26150.0
2025-06-25,26150.0
2025-06-26,26100.0
2025-06-29,26090.0
2025-06-30,26118.0
2025-07-01,26110.0
2025-07-02,26150.0
2025-07-03,26175.0
2025-07-06,26158.0
2025-07-07,26120.0
2025-07-08,26110.0
2025-07-09,26138.0
2025-07-10,26100.0
2025-07-13,26108.0
2025-07-14,26100.0
2025-07-15,26120.0
2025-07-16,26140.0
2025-07-17,26135.0
2025-07-20,26140.0
2025-07-21,26130.0
2025-07-22,26120.0
2025-07-23,26120.0
2025-07-24,26110.0
2025-07-27,26120.0
2025-07-28,26165.0
2025-07-29,26195.0
2025-07-30,26200.0
2025-07-31,26197.0
2025-08-03,26190.0
2025-08-04,26174.0
2025-08-05,26225.0
2025-08-06,26200.0
2025-08-07,26190.0
2025-08-10,26200.0
2025-08-11,26231.0
2025-08-12,26245.0
2025-08-13,26265.0
2025-08-14,26230.0
2025-08-17,26240.0
2025-08-18,26275.0
2025-08-19,26290.0
2025-08-20,26370.0
2025-08-21,26405.0
2025-08-24,26300.0
2025-08-25,26300.0
2025-08-26,26340.0
2025-08-27,26374.0
2025-08-28,26360.0
2025-08-31,26340.0
2025-09-01,26340.0
2025-09-02,26340.0
2025-09-03,26365.0
2025-09-04,26360.0
2025-09-07,26375.0
2025-09-08,26385.0
2025-09-09,26360.0
2025-09-10,26370.0
2025-09-11,26375.0
2025-09-14,26355.0
2025-09-15,26355.0
2025-09-16,26381.0
2025-09-17,26340.0
2025-09-18,26355.0
2025-09-21,26355.0
2025-09-22,26395.0
2025-09-23,26395.0
2025-09-24,26395.0
2025-09-25,26380.0
2025-09-28,26385.0
2025-09-29,26414.0
2025-09-30,26425.0
2025-10-01,26405.0
2025-10-02,26393.0
2025-10-05,26375.0
2025-10-06,26340.0
2025-10-07,26340.0
2025-10-08,26335.0
2025-10-09,26346.0
2025-10-12,26310.0
2025-10-13,26325.0
2025-10-14,26343.0
2025-10-16,26310.0
