datetime_utc,close
2015-01-01 00:00:00+00:00,21375.0
2015-01-02 00:00:00+00:00,21063.0
2015-01-05 00:00:00+00:00,21046.0
2015-01-06 00:00:00+00:00,21097.0
2015-01-07 00:00:00+00:00,21083.0
2015-01-08 00:00:00+00:00,21061.0
2015-01-09 00:00:00+00:00,21021.0
2015-01-12 00:00:00+00:00,21020.0
2015-01-13 00:00:00+00:00,21005.0
2015-01-14 00:00:00+00:00,20991.0
2015-01-15 00:00:00+00:00,21007.0
2015-01-16 00:00:00+00:00,20988.0
2015-01-19 00:00:00+00:00,20993.0
2015-01-20 00:00:00+00:00,21004.0
2015-01-21 00:00:00+00:00,21036.0
2015-01-22 00:00:00+00:00,21009.0
2015-01-23 00:00:00+00:00,20922.0
2015-01-26 00:00:00+00:00,20982.0
2015-01-27 00:00:00+00:00,20981.0
2015-01-28 00:00:00+00:00,20988.0
2015-01-29 00:00:00+00:00,20996.0
2015-01-30 00:00:00+00:00,21074.0
2015-02-02 00:00:00+00:00,20991.0
2015-02-03 00:00:00+00:00,20973.0
2015-02-04 00:00:00+00:00,21058.0
2015-02-05 00:00:00+00:00,20979.0
2015-02-06 00:00:00+00:00,20978.0
2015-02-09 00:00:00+00:00,20961.0
2015-02-10 00:00:00+00:00,20970.0
2015-02-11 00:00:00+00:00,20968.0
2015-02-12 00:00:00+00:00,20943.0
2015-02-13 00:00:00+00:00,20986.0
2015-02-16 00:00:00+00:00,20979.0
2015-02-17 00:00:00+00:00,21300.0
2015-02-18 00:00:00+00:00,20972.0
2015-02-19 00:00:00+00:00,20987.0
2015-02-20 00:00:00+00:00,20957.0
2015-02-23 00:00:00+00:00,20975.0
2015-02-24 00:00:00+00:00,20978.0
2015-02-25 00:00:00+00:00,21011.0
2015-02-26 00:00:00+00:00,21018.0
2015-02-27 00:00:00+00:00,20984.0
2015-03-02 00:00:00+00:00,20989.0
2015-03-03 00:00:00+00:00,20987.0
2015-03-04 00:00:00+00:00,21004.0
2015-03-05 00:00:00+00:00,20994.0
2015-03-06 00:00:00+00:00,20968.0
2015-03-09 00:00:00+00:00,20982.0
2015-03-10 00:00:00+00:00,20978.0
2015-03-11 00:00:00+00:00,20974.0
2015-03-12 00:00:00+00:00,20996.0
2015-03-13 00:00:00+00:00,21003.0
2015-03-16 00:00:00+00:00,21089.0
2015-03-17 00:00:00+00:00,21066.0
2015-03-18 00:00:00+00:00,21113.0
2015-03-19 00:00:00+00:00,21142.0
2015-03-20 00:00:00+00:00,21078.0
2015-03-23 00:00:00+00:00,21149.0
2015-03-24 00:00:00+00:00,21168.0
2015-03-25 00:00:00+00:00,21475.0
2015-03-26 00:00:00+00:00,21144.0
2015-03-27 00:00:00+00:00,21154.0
2015-03-29 23:00:00+00:00,21161.0
2015-03-30 23:00:00+00:00,21186.0
2015-03-31 23:00:00+00:00,21188.0
2015-04-01 23:00:00+00:00,21115.0
2015-04-02 23:00:00+00:00,21575.0
2015-04-05 23:00:00+00:00,21565.0
2015-04-06 23:00:00+00:00,21229.0
2015-04-07 23:00:00+00:00,21241.0
2015-04-08 23:00:00+00:00,21220.0
2015-04-09 23:00:00+00:00,21217.0
2015-04-12 23:00:00+00:00,21221.0
2015-04-13 23:00:00+00:00,21228.0
2015-04-14 23:00:00+00:00,21217.0
2015-04-15 23:00:00+00:00,21121.0
2015-04-16 23:00:00+00:00,21234.0
2015-04-19 23:00:00+00:00,21196.0
2015-04-20 23:00:00+00:00,21555.0
2015-04-21 23:00:00+00:00,21555.0
2015-04-22 23:00:00+00:00,21550.0
2015-04-23 23:00:00+00:00,21565.0
2015-04-26 23:00:00+00:00,21570.0
2015-04-27 23:00:00+00:00,21575.0
2015-04-28 23:00:00+00:00,21575.0
2015-04-29 23:00:00+00:00,21575.0
2015-04-30 23:00:00+00:00,21575.0
2015-05-03 23:00:00+00:00,21595.0
2015-05-04 23:00:00+00:00,21610.0
2015-05-05 23:00:00+00:00,21620.0
2015-05-06 23:00:00+00:00,21645.0
2015-05-07 23:00:00+00:00,21650.0
2015-05-10 23:00:00+00:00,21660.0
2015-05-11 23:00:00+00:00,21680.0
2015-05-12 23:00:00+00:00,21700.0
2015-05-13 23:00:00+00:00,21735.0
2015-05-14 23:00:00+00:00,21700.0
2015-05-17 23:00:00+00:00,21765.0
2015-05-18 23:00:00+00:00,21770.0
2015-05-19 23:00:00+00:00,21790.0
2015-05-20 23:00:00+00:00,21785.0
2015-05-21 23:00:00+00:00,21770.0
2015-05-24 23:00:00+00:00,21795.0
2015-05-25 23:00:00+00:00,21800.0
2015-05-26 23:00:00+00:00,21780.0
2015-05-27 23:00:00+00:00,21785.0
2015-05-28 23:00:00+00:00,21785.0
2015-05-31 23:00:00+00:00,21790.0
2015-06-01 23:00:00+00:00,21790.0
2015-06-02 23:00:00+00:00,21790.0
2015-06-03 23:00:00+00:00,21790.0
2015-06-04 23:00:00+00:00,21785.0
2015-06-07 23:00:00+00:00,21790.0
2015-06-08 23:00:00+00:00,21790.0
2015-06-09 23:00:00+00:00,21775.0
2015-06-10 23:00:00+00:00,21770.0
2015-06-11 23:00:00+00:00,21770.0
2015-06-14 23:00:00+00:00,21775.0
2015-06-15 23:00:00+00:00,21775.0
2015-06-16 23:00:00+00:00,21785.0
2015-06-17 23:00:00+00:00,21785.0
2015-06-18 23:00:00+00:00,21780.0
2015-06-21 23:00:00+00:00,21780.0
2015-06-22 23:00:00+00:00,21780.0
2015-06-23 23:00:00+00:00,21790.0
2015-06-24 23:00:00+00:00,21780.0
2015-06-25 23:00:00+00:00,21790.0
2015-06-28 23:00:00+00:00,21790.0
2015-06-29 23:00:00+00:00,21785.0
2015-06-30 23:00:00+00:00,21780.0
2015-07-01 23:00:00+00:00,21780.0
2015-07-02 23:00:00+00:00,21780.0
2015-07-05 23:00:00+00:00,21785.0
2015-07-06 23:00:00+00:00,21474.0
2015-07-07 23:00:00+00:00,21443.0
2015-07-08 23:00:00+00:00,21440.0
2015-07-09 23:00:00+00:00,21428.0
2015-07-12 23:00:00+00:00,21420.0
2015-07-13 23:00:00+00:00,21431.0
2015-07-14 23:00:00+00:00,21445.0
2015-07-15 23:00:00+00:00,21436.0
2015-07-16 23:00:00+00:00,21443.0
2015-07-19 23:00:00+00:00,21424.0
2015-07-20 23:00:00+00:00,21449.0
2015-07-21 23:00:00+00:00,21456.0
2015-07-22 23:00:00+00:00,21453.0
2015-07-23 23:00:00+00:00,21457.0
2015-07-26 23:00:00+00:00,21443.0
2015-07-27 23:00:00+00:00,21450.0
2015-07-28 23:00:00+00:00,21476.0
2015-07-29 23:00:00+00:00,21449.0
2015-07-30 23:00:00+00:00,21465.0
2015-08-02 23:00:00+00:00,21451.0
2015-08-03 23:00:00+00:00,21445.0
2015-08-04 23:00:00+00:00,21371.0
2015-08-05 23:00:00+00:00,21452.0
2015-08-06 23:00:00+00:00,21445.0
2015-08-09 23:00:00+00:00,21444.0
2015-08-10 23:00:00+00:00,21469.0
2015-08-11 23:00:00+00:00,21663.0
2015-08-12 23:00:00+00:00,21722.0
2015-08-13 23:00:00+00:00,21859.0
2015-08-16 23:00:00+00:00,21740.0
2015-08-17 23:00:00+00:00,21734.0
2015-08-18 23:00:00+00:00,21858.0
2015-08-19 23:00:00+00:00,22051.0
2015-08-20 23:00:00+00:00,22155.0
2015-08-23 23:00:00+00:00,22184.0
2015-08-24 23:00:00+00:00,22175.0
2015-08-25 23:00:00+00:00,22192.0
2015-08-26 23:00:00+00:00,22123.0
2015-08-27 23:00:00+00:00,22107.0
2015-08-30 23:00:00+00:00,22129.0
2015-08-31 23:00:00+00:00,22146.0
2015-09-01 23:00:00+00:00,22150.0
2015-09-02 23:00:00+00:00,22332.0
2015-09-03 23:00:00+00:00,22115.0
2015-09-06 23:00:00+00:00,22111.0
2015-09-07 23:00:00+00:00,22113.0
2015-09-08 23:00:00+00:00,22117.0
2015-09-09 23:00:00+00:00,22128.0
2015-09-10 23:00:00+00:00,22123.0
2015-09-13 23:00:00+00:00,22146.0
2015-09-14 23:00:00+00:00,22147.0
2015-09-15 23:00:00+00:00,22150.0
2015-09-16 23:00:00+00:00,22152.0
2015-09-17 23:00:00+00:00,22116.0
2015-09-20 23:00:00+00:00,22118.0
2015-09-21 23:00:00+00:00,22112.0
2015-09-22 23:00:00+00:00,22123.0
2015-09-23 23:00:00+00:00,22125.0
2015-09-24 23:00:00+00:00,22145.0
2015-09-27 23:00:00+00:00,22122.0
2015-09-28 23:00:00+00:00,22135.0
2015-09-29 23:00:00+00:00,22105.0
2015-09-30 23:00:00+00:00,22112.0
2015-10-01 23:00:00+00:00,22123.0
2015-10-04 23:00:00+00:00,22118.0
2015-10-05 23:00:00+00:00,21996.0
2015-10-06 23:00:00+00:00,22048.0
2015-10-07 23:00:00+00:00,21855.0
2015-10-08 23:00:00+00:00,21871.0
2015-10-11 23:00:00+00:00,21996.0
2015-10-12 23:00:00+00:00,22048.0
2015-10-13 23:00:00+00:00,22033.0
2015-10-14 23:00:00+00:00,21980.0
2015-10-15 23:00:00+00:00,21907.0
2015-10-18 23:00:00+00:00,21948.0
2015-10-19 23:00:00+00:00,21987.0
2015-10-20 23:00:00+00:00,21964.0
2015-10-21 23:00:00+00:00,22393.0
2015-10-22 23:00:00+00:00,21963.0
2015-10-26 00:00:00+00:00,21969.0
2015-10-27 00:00:00+00:00,21961.0
2015-10-28 00:00:00+00:00,21970.0
2015-10-29 00:00:00+00:00,21973.0
2015-10-30 00:00:00+00:00,21961.0
2015-11-02 00:00:00+00:00,21948.0
2015-11-03 00:00:00+00:00,21948.0
2015-11-04 00:00:00+00:00,21933.0
2015-11-05 00:00:00+00:00,21968.0
2015-11-06 00:00:00+00:00,21991.0
2015-11-09 00:00:00+00:00,22112.0
2015-11-10 00:00:00+00:00,22031.0
2015-11-11 00:00:00+00:00,21955.0
2015-11-12 00:00:00+00:00,21832.0
2015-11-13 00:00:00+00:00,22048.0
2015-11-16 00:00:00+00:00,22081.0
2015-11-17 00:00:00+00:00,22141.0
2015-11-18 00:00:00+00:00,22076.0
2015-11-19 00:00:00+00:00,22100.0
2015-11-20 00:00:00+00:00,22167.0
2015-11-23 00:00:00+00:00,22088.0
2015-11-24 00:00:00+00:00,22112.0
2015-11-25 00:00:00+00:00,22060.0
2015-11-26 00:00:00+00:00,22130.0
2015-11-27 00:00:00+00:00,22080.0
2015-11-30 00:00:00+00:00,22121.0
2015-12-01 00:00:00+00:00,22052.0
2015-12-02 00:00:00+00:00,22098.0
2015-12-03 00:00:00+00:00,21343.0
2015-12-04 00:00:00+00:00,22124.0
2015-12-07 00:00:00+00:00,22049.0
2015-12-08 00:00:00+00:00,22025.0
2015-12-09 00:00:00+00:00,21917.0
2015-12-10 00:00:00+00:00,22055.0
2015-12-11 00:00:00+00:00,22091.0
2015-12-14 00:00:00+00:00,22112.0
2015-12-15 00:00:00+00:00,22343.0
2015-12-16 00:00:00+00:00,22197.0
2015-12-17 00:00:00+00:00,22197.0
2015-12-18 00:00:00+00:00,22108.0
2015-12-21 00:00:00+00:00,22078.0
2015-12-22 00:00:00+00:00,22157.0
2015-12-23 00:00:00+00:00,22212.0
2015-12-24 00:00:00+00:00,22132.0
2015-12-25 00:00:00+00:00,22106.0
2015-12-28 00:00:00+00:00,22152.0
2015-12-29 00:00:00+00:00,22213.0
2015-12-30 00:00:00+00:00,22095.0
2015-12-31 00:00:00+00:00,22185.0
2016-01-01 00:00:00+00:00,22180.0
2016-01-04 00:00:00+00:00,22320.0
2016-01-05 00:00:00+00:00,22141.0
2016-01-06 00:00:00+00:00,22034.0
2016-01-07 00:00:00+00:00,22014.0
2016-01-08 00:00:00+00:00,22002.0
2016-01-11 00:00:00+00:00,22162.0
2016-01-12 00:00:00+00:00,22058.0
2016-01-13 00:00:00+00:00,21937.0
2016-01-14 00:00:00+00:00,22083.0
2016-01-15 00:00:00+00:00,22027.0
2016-01-18 00:00:00+00:00,22038.0
2016-01-19 00:00:00+00:00,21961.0
2016-01-20 00:00:00+00:00,22090.0
2016-01-21 00:00:00+00:00,22112.0
2016-01-22 00:00:00+00:00,22094.0
2016-01-25 00:00:00+00:00,21945.0
2016-01-26 00:00:00+00:00,21878.0
2016-01-27 00:00:00+00:00,21889.0
2016-01-28 00:00:00+00:00,21833.0
2016-01-29 00:00:00+00:00,22032.0
2016-02-01 00:00:00+00:00,21874.0
2016-02-02 00:00:00+00:00,21928.0
2016-02-03 00:00:00+00:00,21611.0
2016-02-04 00:00:00+00:00,21920.0
2016-02-05 00:00:00+00:00,21949.0
2016-02-08 00:00:00+00:00,21923.0
2016-02-09 00:00:00+00:00,21771.0
2016-02-10 00:00:00+00:00,21926.0
2016-02-11 00:00:00+00:00,21968.0
2016-02-12 00:00:00+00:00,21963.0
2016-02-15 00:00:00+00:00,22007.0
2016-02-16 00:00:00+00:00,22007.0
2016-02-17 00:00:00+00:00,22084.0
2016-02-18 00:00:00+00:00,21995.0
2016-02-19 00:00:00+00:00,21942.0
2016-02-22 00:00:00+00:00,22036.0
2016-02-23 00:00:00+00:00,22011.0
2016-02-24 00:00:00+00:00,21897.0
2016-02-25 00:00:00+00:00,21965.0
2016-02-26 00:00:00+00:00,22140.0
2016-02-29 00:00:00+00:00,21941.0
2016-03-01 00:00:00+00:00,21951.0
2016-03-02 00:00:00+00:00,21947.0
2016-03-03 00:00:00+00:00,21787.0
2016-03-04 00:00:00+00:00,21883.0
2016-03-07 00:00:00+00:00,21919.0
2016-03-08 00:00:00+00:00,21949.0
2016-03-09 00:00:00+00:00,21933.0
2016-03-10 00:00:00+00:00,21923.0
2016-03-11 00:00:00+00:00,21844.0
2016-03-14 00:00:00+00:00,21944.0
2016-03-15 00:00:00+00:00,21915.0
2016-03-16 00:00:00+00:00,21699.0
2016-03-17 00:00:00+00:00,21957.0
2016-03-18 00:00:00+00:00,21950.0
2016-03-21 00:00:00+00:00,21944.0
2016-03-22 00:00:00+00:00,21939.0
2016-03-23 00:00:00+00:00,22027.0
2016-03-24 00:00:00+00:00,21971.0
2016-03-25 00:00:00+00:00,22270.0
2016-03-27 23:00:00+00:00,22270.0
2016-03-28 23:00:00+00:00,21933.0
2016-03-29 23:00:00+00:00,21919.0
2016-03-30 23:00:00+00:00,21934.0
2016-03-31 23:00:00+00:00,21950.0
2016-04-03 23:00:00+00:00,21940.0
2016-04-04 23:00:00+00:00,21947.0
2016-04-05 23:00:00+00:00,21858.0
2016-04-06 23:00:00+00:00,21946.0
2016-04-07 23:00:00+00:00,21947.0
2016-04-10 23:00:00+00:00,21942.0
2016-04-11 23:00:00+00:00,21955.0
2016-04-12 23:00:00+00:00,21943.0
2016-04-13 23:00:00+00:00,21948.0
2016-04-14 23:00:00+00:00,21933.0
2016-04-17 23:00:00+00:00,21978.0
2016-04-18 23:00:00+00:00,21946.0
2016-04-19 23:00:00+00:00,21939.0
2016-04-20 23:00:00+00:00,21974.0
2016-04-21 23:00:00+00:00,21920.0
2016-04-24 23:00:00+00:00,21941.0
2016-04-25 23:00:00+00:00,21942.0
2016-04-26 23:00:00+00:00,21914.0
2016-04-27 23:00:00+00:00,21953.0
2016-04-28 23:00:00+00:00,21937.0
2016-05-01 23:00:00+00:00,21947.0
2016-05-02 23:00:00+00:00,22091.0
2016-05-03 23:00:00+00:00,22255.0
2016-05-04 23:00:00+00:00,21976.0
2016-05-05 23:00:00+00:00,21936.0
2016-05-08 23:00:00+00:00,21949.0
2016-05-09 23:00:00+00:00,21933.0
2016-05-10 23:00:00+00:00,21934.0
2016-05-11 23:00:00+00:00,21941.0
2016-05-12 23:00:00+00:00,21955.0
2016-05-15 23:00:00+00:00,22031.0
2016-05-16 23:00:00+00:00,21951.0
2016-05-17 23:00:00+00:00,21934.0
2016-05-18 23:00:00+00:00,21953.0
2016-05-19 23:00:00+00:00,21963.0
2016-05-22 23:00:00+00:00,21956.0
2016-05-23 23:00:00+00:00,21970.0
2016-05-24 23:00:00+00:00,21994.0
2016-05-25 23:00:00+00:00,22022.0
2016-05-26 23:00:00+00:00,22032.0
2016-05-29 23:00:00+00:00,22057.0
2016-05-30 23:00:00+00:00,22020.0
2016-05-31 23:00:00+00:00,22081.0
2016-06-01 23:00:00+00:00,22178.0
2016-06-02 23:00:00+00:00,22051.0
2016-06-05 23:00:00+00:00,22013.0
2016-06-06 23:00:00+00:00,21992.0
2016-06-07 23:00:00+00:00,21964.0
2016-06-08 23:00:00+00:00,22000.0
2016-06-09 23:00:00+00:00,21969.0
2016-06-12 23:00:00+00:00,21957.0
2016-06-13 23:00:00+00:00,21940.0
2016-06-14 23:00:00+00:00,21882.0
2016-06-15 23:00:00+00:00,22000.0
2016-06-16 23:00:00+00:00,21918.0
2016-06-19 23:00:00+00:00,21971.0
2016-06-20 23:00:00+00:00,22090.0
2016-06-21 23:00:00+00:00,21840.0
2016-06-22 23:00:00+00:00,21984.0
2016-06-23 23:00:00+00:00,21830.0
2016-06-26 23:00:00+00:00,21970.0
2016-06-27 23:00:00+00:00,21991.0
2016-06-28 23:00:00+00:00,21885.0
2016-06-29 23:00:00+00:00,22028.0
2016-06-30 23:00:00+00:00,21911.0
2016-07-03 23:00:00+00:00,21891.0
2016-07-04 23:00:00+00:00,22114.0
2016-07-05 23:00:00+00:00,21882.0
2016-07-06 23:00:00+00:00,21974.0
2016-07-07 23:00:00+00:00,21965.0
2016-07-10 23:00:00+00:00,21913.0
2016-07-11 23:00:00+00:00,22000.0
2016-07-12 23:00:00+00:00,21922.0
2016-07-13 23:00:00+00:00,21914.0
2016-07-14 23:00:00+00:00,22152.0
2016-07-17 23:00:00+00:00,21885.0
2016-07-18 23:00:00+00:00,22018.0
2016-07-19 23:00:00+00:00,21933.0
2016-07-20 23:00:00+00:00,21923.0
2016-07-21 23:00:00+00:00,22023.0
2016-07-24 23:00:00+00:00,21931.0
2016-07-25 23:00:00+00:00,21974.0
2016-07-26 23:00:00+00:00,21821.0
2016-07-27 23:00:00+00:00,21957.0
2016-07-28 23:00:00+00:00,21816.0
2016-07-31 23:00:00+00:00,21943.0
2016-08-01 23:00:00+00:00,21895.0
2016-08-02 23:00:00+00:00,22044.0
2016-08-03 23:00:00+00:00,21942.0
2016-08-04 23:00:00+00:00,22058.0
2016-08-07 23:00:00+00:00,21934.0
2016-08-08 23:00:00+00:00,21882.0
2016-08-09 23:00:00+00:00,21924.0
2016-08-10 23:00:00+00:00,21964.0
2016-08-11 23:00:00+00:00,21922.0
2016-08-14 23:00:00+00:00,21913.0
2016-08-15 23:00:00+00:00,21951.0
2016-08-16 23:00:00+00:00,21940.0
2016-08-17 23:00:00+00:00,21896.0
2016-08-18 23:00:00+00:00,21949.0
2016-08-21 23:00:00+00:00,21891.0
2016-08-22 23:00:00+00:00,22008.0
2016-08-23 23:00:00+00:00,21977.0
2016-08-24 23:00:00+00:00,21960.0
2016-08-25 23:00:00+00:00,22134.0
2016-08-28 23:00:00+00:00,21934.0
2016-08-29 23:00:00+00:00,21989.0
2016-08-30 23:00:00+00:00,21917.0
2016-08-31 23:00:00+00:00,21852.0
2016-09-01 23:00:00+00:00,21991.0
2016-09-04 23:00:00+00:00,21973.0
2016-09-05 23:00:00+00:00,21779.0
2016-09-06 23:00:00+00:00,21963.0
2016-09-07 23:00:00+00:00,21998.0
2016-09-08 23:00:00+00:00,22004.0
2016-09-11 23:00:00+00:00,21916.0
2016-09-12 23:00:00+00:00,21975.0
2016-09-13 23:00:00+00:00,21902.0
2016-09-14 23:00:00+00:00,21940.0
2016-09-15 23:00:00+00:00,22092.0
2016-09-18 23:00:00+00:00,21920.0
2016-09-19 23:00:00+00:00,22020.0
2016-09-20 23:00:00+00:00,21878.0
2016-09-21 23:00:00+00:00,22003.0
2016-09-22 23:00:00+00:00,21950.0
2016-09-25 23:00:00+00:00,21940.0
2016-09-26 23:00:00+00:00,22018.0
2016-09-27 23:00:00+00:00,21956.0
2016-09-28 23:00:00+00:00,21945.0
2016-09-29 23:00:00+00:00,21797.0
2016-10-02 23:00:00+00:00,22004.0
2016-10-03 23:00:00+00:00,21888.0
2016-10-04 23:00:00+00:00,21983.0
2016-10-05 23:00:00+00:00,22026.0
2016-10-06 23:00:00+00:00,21829.0
2016-10-09 23:00:00+00:00,21994.0
2016-10-10 23:00:00+00:00,22000.0
2016-10-11 23:00:00+00:00,21954.0
2016-10-12 23:00:00+00:00,21891.0
2016-10-13 23:00:00+00:00,22025.0
2016-10-16 23:00:00+00:00,21926.0
2016-10-17 23:00:00+00:00,22006.0
2016-10-18 23:00:00+00:00,21966.0
2016-10-19 23:00:00+00:00,22038.0
2016-10-20 23:00:00+00:00,21967.0
2016-10-23 23:00:00+00:00,21986.0
2016-10-24 23:00:00+00:00,21953.0
2016-10-25 23:00:00+00:00,21995.0
2016-10-26 23:00:00+00:00,22022.0
2016-10-27 23:00:00+00:00,21820.0
2016-10-31 00:00:00+00:00,21916.0
2016-11-01 00:00:00+00:00,21899.0
2016-11-02 00:00:00+00:00,21962.0
2016-11-03 00:00:00+00:00,21900.0
2016-11-04 00:00:00+00:00,21895.0
2016-11-07 00:00:00+00:00,22008.0
2016-11-08 00:00:00+00:00,22027.0
2016-11-09 00:00:00+00:00,22316.0
2016-11-10 00:00:00+00:00,21984.0
2016-11-11 00:00:00+00:00,21997.0
2016-11-14 00:00:00+00:00,22066.0
2016-11-15 00:00:00+00:00,22067.0
2016-11-16 00:00:00+00:00,22381.0
2016-11-17 00:00:00+00:00,22272.0
2016-11-18 00:00:00+00:00,22215.0
2016-11-21 00:00:00+00:00,22191.0
2016-11-22 00:00:00+00:00,22177.0
2016-11-23 00:00:00+00:00,22415.0
2016-11-24 00:00:00+00:00,22407.0
2016-11-25 00:00:00+00:00,22355.0
2016-11-28 00:00:00+00:00,22311.0
2016-11-29 00:00:00+00:00,22188.0
2016-11-30 00:00:00+00:00,22291.0
2016-12-01 00:00:00+00:00,22223.0
2016-12-02 00:00:00+00:00,22283.0
2016-12-05 00:00:00+00:00,22205.0
2016-12-06 00:00:00+00:00,22389.0
2016-12-07 00:00:00+00:00,22261.0
2016-12-08 00:00:00+00:00,22627.0
2016-12-09 00:00:00+00:00,22250.0
2016-12-12 00:00:00+00:00,22187.0
2016-12-13 00:00:00+00:00,22239.0
2016-12-14 00:00:00+00:00,22587.0
2016-12-15 00:00:00+00:00,22354.0
2016-12-16 00:00:00+00:00,22745.0
2016-12-19 00:00:00+00:00,22438.0
2016-12-20 00:00:00+00:00,22350.0
2016-12-21 00:00:00+00:00,22340.0
2016-12-22 00:00:00+00:00,22402.0
2016-12-23 00:00:00+00:00,22378.0
2016-12-26 00:00:00+00:00,22366.0
2016-12-27 00:00:00+00:00,22364.0
2016-12-28 00:00:00+00:00,22392.0
2016-12-29 00:00:00+00:00,22318.0
2016-12-30 00:00:00+00:00,22468.0
2017-01-02 00:00:00+00:00,22411.0
2017-01-03 00:00:00+00:00,22338.0
2017-01-04 00:00:00+00:00,22222.0
2017-01-05 00:00:00+00:00,22062.0
2017-01-06 00:00:00+00:00,22297.0
2017-01-09 00:00:00+00:00,22077.0
2017-01-10 00:00:00+00:00,22237.0
2017-01-11 00:00:00+00:00,22059.0
2017-01-12 00:00:00+00:00,22265.0
2017-01-13 00:00:00+00:00,22202.0
2017-01-16 00:00:00+00:00,22174.0
2017-01-17 00:00:00+00:00,22195.0
2017-01-18 00:00:00+00:00,22309.0
2017-01-19 00:00:00+00:00,22196.0
2017-01-20 00:00:00+00:00,22084.0
2017-01-23 00:00:00+00:00,22100.0
2017-01-24 00:00:00+00:00,22229.0
2017-01-25 00:00:00+00:00,22227.0
2017-01-26 00:00:00+00:00,22327.0
2017-01-27 00:00:00+00:00,22210.0
2017-01-30 00:00:00+00:00,22139.0
2017-01-31 00:00:00+00:00,22132.0
2017-02-01 00:00:00+00:00,22298.0
2017-02-02 00:00:00+00:00,22640.0
2017-02-03 00:00:00+00:00,22137.0
2017-02-06 00:00:00+00:00,22196.0
2017-02-07 00:00:00+00:00,22210.0
2017-02-08 00:00:00+00:00,22183.0
2017-02-09 00:00:00+00:00,22347.0
2017-02-10 00:00:00+00:00,22266.0
2017-02-13 00:00:00+00:00,22398.0
2017-02-14 00:00:00+00:00,22478.0
2017-02-15 00:00:00+00:00,22319.0
2017-02-16 00:00:00+00:00,22305.0
2017-02-17 00:00:00+00:00,22483.0
2017-02-20 00:00:00+00:00,22464.0
2017-02-21 00:00:00+00:00,22469.0
2017-02-22 00:00:00+00:00,22334.0
2017-02-23 00:00:00+00:00,22830.0
2017-02-24 00:00:00+00:00,22815.0
2017-02-27 00:00:00+00:00,22777.0
2017-02-28 00:00:00+00:00,22760.0
2017-03-01 00:00:00+00:00,22391.0
2017-03-02 00:00:00+00:00,22474.0
2017-03-03 00:00:00+00:00,22840.0
2017-03-06 00:00:00+00:00,22800.0
2017-03-07 00:00:00+00:00,22448.0
2017-03-08 00:00:00+00:00,22461.0
2017-03-09 00:00:00+00:00,22390.0
2017-03-10 00:00:00+00:00,22281.0
2017-03-13 00:00:00+00:00,22458.0
2017-03-14 00:00:00+00:00,22483.0
2017-03-15 00:00:00+00:00,22224.0
2017-03-16 00:00:00+00:00,22310.0
2017-03-17 00:00:00+00:00,22404.0
2017-03-20 00:00:00+00:00,22447.0
2017-03-21 00:00:00+00:00,22419.0
2017-03-22 00:00:00+00:00,22390.0
2017-03-23 00:00:00+00:00,22429.0
2017-03-24 00:00:00+00:00,22432.0
2017-03-26 23:00:00+00:00,22408.0
2017-03-27 23:00:00+00:00,22490.0
2017-03-28 23:00:00+00:00,22447.0
2017-03-29 23:00:00+00:00,22524.0
2017-03-30 23:00:00+00:00,22435.0
2017-04-02 23:00:00+00:00,22329.0
2017-04-03 23:00:00+00:00,22249.0
2017-04-04 23:00:00+00:00,22320.0
2017-04-05 23:00:00+00:00,22357.0
2017-04-06 23:00:00+00:00,22655.0
2017-04-09 23:00:00+00:00,22650.0
2017-04-10 23:00:00+00:00,22653.0
2017-04-11 23:00:00+00:00,22670.0
2017-04-12 23:00:00+00:00,22645.0
2017-04-13 23:00:00+00:00,22355.0
2017-04-16 23:00:00+00:00,22285.0
2017-04-17 23:00:00+00:00,22232.0
2017-04-18 23:00:00+00:00,22398.0
2017-04-19 23:00:00+00:00,22439.0
2017-04-20 23:00:00+00:00,22292.0
2017-04-23 23:00:00+00:00,22332.0
2017-04-24 23:00:00+00:00,22300.0
2017-04-25 23:00:00+00:00,22350.0
2017-04-26 23:00:00+00:00,22417.0
2017-04-27 23:00:00+00:00,22465.0
2017-04-30 23:00:00+00:00,22453.0
2017-05-01 23:00:00+00:00,22360.0
2017-05-02 23:00:00+00:00,22426.0
2017-05-03 23:00:00+00:00,22280.0
2017-05-04 23:00:00+00:00,22286.0
2017-05-07 23:00:00+00:00,22422.0
2017-05-08 23:00:00+00:00,22415.0
2017-05-09 23:00:00+00:00,22375.0
2017-05-10 23:00:00+00:00,22376.0
2017-05-11 23:00:00+00:00,22210.0
2017-05-14 23:00:00+00:00,22302.0
2017-05-15 23:00:00+00:00,22240.0
2017-05-16 23:00:00+00:00,22216.0
2017-05-17 23:00:00+00:00,22404.0
2017-05-18 23:00:00+00:00,22257.0
2017-05-21 23:00:00+00:00,22325.0
2017-05-22 23:00:00+00:00,22447.0
2017-05-23 23:00:00+00:00,22269.0
2017-05-24 23:00:00+00:00,22349.0
2017-05-25 23:00:00+00:00,22451.0
2017-05-28 23:00:00+00:00,22424.0
2017-05-29 23:00:00+00:00,22290.0
2017-05-30 23:00:00+00:00,22304.0
2017-05-31 23:00:00+00:00,22380.0
2017-06-01 23:00:00+00:00,22227.0
2017-06-04 23:00:00+00:00,22335.0
2017-06-05 23:00:00+00:00,22311.0
2017-06-06 23:00:00+00:00,22252.0
2017-06-07 23:00:00+00:00,22396.0
2017-06-08 23:00:00+00:00,22301.0
2017-06-11 23:00:00+00:00,22361.0
2017-06-12 23:00:00+00:00,22332.0
2017-06-13 23:00:00+00:00,22352.0
2017-06-14 23:00:00+00:00,22345.0
2017-06-15 23:00:00+00:00,22339.0
2017-06-18 23:00:00+00:00,22481.0
2017-06-19 23:00:00+00:00,22406.0
2017-06-20 23:00:00+00:00,22329.0
2017-06-21 23:00:00+00:00,22395.0
2017-06-22 23:00:00+00:00,22312.0
2017-06-25 23:00:00+00:00,22369.0
2017-06-26 23:00:00+00:00,22236.0
2017-06-27 23:00:00+00:00,22355.0
2017-06-28 23:00:00+00:00,22318.0
2017-06-29 23:00:00+00:00,22338.0
2017-07-02 23:00:00+00:00,22411.0
2017-07-03 23:00:00+00:00,22392.0
2017-07-04 23:00:00+00:00,22331.0
2017-07-05 23:00:00+00:00,22730.0
2017-07-06 23:00:00+00:00,22744.0
2017-07-09 23:00:00+00:00,22390.0
2017-07-10 23:00:00+00:00,22246.0
2017-07-11 23:00:00+00:00,22463.0
2017-07-12 23:00:00+00:00,22357.0
2017-07-13 23:00:00+00:00,22274.0
2017-07-16 23:00:00+00:00,22344.0
2017-07-17 23:00:00+00:00,22387.0
2017-07-18 23:00:00+00:00,22400.0
2017-07-19 23:00:00+00:00,22142.0
2017-07-20 23:00:00+00:00,22356.0
2017-07-23 23:00:00+00:00,22401.0
2017-07-24 23:00:00+00:00,22397.0
2017-07-25 23:00:00+00:00,22194.0
2017-07-26 23:00:00+00:00,22440.0
2017-07-27 23:00:00+00:00,22307.0
2017-07-30 23:00:00+00:00,22181.0
2017-07-31 23:00:00+00:00,22400.0
2017-08-01 23:00:00+00:00,22346.0
2017-08-02 23:00:00+00:00,22330.0
2017-08-03 23:00:00+00:00,22582.0
2017-08-06 23:00:00+00:00,22399.0
2017-08-07 23:00:00+00:00,22517.0
2017-08-08 23:00:00+00:00,22345.0
2017-08-09 23:00:00+00:00,22302.0
2017-08-10 23:00:00+00:00,22271.0
2017-08-13 23:00:00+00:00,22423.0
2017-08-14 23:00:00+00:00,22411.0
2017-08-15 23:00:00+00:00,22252.0
2017-08-16 23:00:00+00:00,22336.0
2017-08-17 23:00:00+00:00,22366.0
2017-08-20 23:00:00+00:00,22284.0
2017-08-21 23:00:00+00:00,22371.0
2017-08-22 23:00:00+00:00,22342.0
2017-08-23 23:00:00+00:00,22386.0
2017-08-24 23:00:00+00:00,22196.0
2017-08-27 23:00:00+00:00,22323.0
2017-08-28 23:00:00+00:00,22528.0
2017-08-29 23:00:00+00:00,22502.0
2017-08-30 23:00:00+00:00,22290.0
2017-08-31 23:00:00+00:00,22495.0
2017-09-03 23:00:00+00:00,22415.0
2017-09-04 23:00:00+00:00,22366.0
2017-09-05 23:00:00+00:00,22406.0
2017-09-06 23:00:00+00:00,22326.0
2017-09-07 23:00:00+00:00,22458.0
2017-09-10 23:00:00+00:00,22500.0
2017-09-11 23:00:00+00:00,22343.0
2017-09-12 23:00:00+00:00,22575.0
2017-09-13 23:00:00+00:00,22362.0
2017-09-14 23:00:00+00:00,22398.0
2017-09-17 23:00:00+00:00,22398.0
2017-09-18 23:00:00+00:00,22386.0
2017-09-19 23:00:00+00:00,22612.0
2017-09-20 23:00:00+00:00,22329.0
2017-09-21 23:00:00+00:00,22433.0
2017-09-24 23:00:00+00:00,22452.0
2017-09-25 23:00:00+00:00,22389.0
2017-09-26 23:00:00+00:00,22398.0
2017-09-27 23:00:00+00:00,22378.0
2017-09-28 23:00:00+00:00,22523.0
2017-10-01 23:00:00+00:00,22413.0
2017-10-02 23:00:00+00:00,22421.0
2017-10-03 23:00:00+00:00,22421.0
2017-10-04 23:00:00+00:00,22451.0
2017-10-05 23:00:00+00:00,22343.0
2017-10-08 23:00:00+00:00,22395.0
2017-10-09 23:00:00+00:00,22331.0
2017-10-10 23:00:00+00:00,22311.0
2017-10-11 23:00:00+00:00,22426.0
2017-10-12 23:00:00+00:00,22392.0
2017-10-15 23:00:00+00:00,22385.0
2017-10-16 23:00:00+00:00,22365.0
2017-10-17 23:00:00+00:00,22303.0
2017-10-18 23:00:00+00:00,22340.0
2017-10-19 23:00:00+00:00,22422.0
2017-10-22 23:00:00+00:00,22372.0
2017-10-23 23:00:00+00:00,22372.0
2017-10-24 23:00:00+00:00,22314.0
2017-10-25 23:00:00+00:00,22688.0
2017-10-26 23:00:00+00:00,22407.0
2017-10-30 00:00:00+00:00,22350.0
2017-10-31 00:00:00+00:00,22351.0
2017-11-01 00:00:00+00:00,22409.0
2017-11-02 00:00:00+00:00,22358.0
2017-11-03 00:00:00+00:00,22447.0
2017-11-06 00:00:00+00:00,22330.0
2017-11-07 00:00:00+00:00,22331.0
2017-11-08 00:00:00+00:00,22372.0
2017-11-09 00:00:00+00:00,22367.0
2017-11-10 00:00:00+00:00,22321.0
2017-11-13 00:00:00+00:00,22340.0
2017-11-14 00:00:00+00:00,22229.0
2017-11-15 00:00:00+00:00,22509.0
2017-11-16 00:00:00+00:00,22358.0
2017-11-17 00:00:00+00:00,22378.0
2017-11-20 00:00:00+00:00,22452.0
2017-11-21 00:00:00+00:00,22350.0
2017-11-22 00:00:00+00:00,22245.0
2017-11-23 00:00:00+00:00,22385.0
2017-11-24 00:00:00+00:00,22248.0
2017-11-27 00:00:00+00:00,22454.0
2017-11-28 00:00:00+00:00,22455.0
2017-11-29 00:00:00+00:00,22367.0
2017-11-30 00:00:00+00:00,22275.0
2017-12-01 00:00:00+00:00,22382.0
2017-12-04 00:00:00+00:00,22361.0
2017-12-05 00:00:00+00:00,22454.0
2017-12-06 00:00:00+00:00,22393.0
2017-12-07 00:00:00+00:00,22395.0
2017-12-08 00:00:00+00:00,22301.0
2017-12-11 00:00:00+00:00,22407.0
2017-12-12 00:00:00+00:00,22441.0
2017-12-13 00:00:00+00:00,22208.0
2017-12-14 00:00:00+00:00,22476.0
2017-12-15 00:00:00+00:00,22473.0
2017-12-18 00:00:00+00:00,22395.0
2017-12-19 00:00:00+00:00,22319.0
2017-12-20 00:00:00+00:00,22306.0
2017-12-21 00:00:00+00:00,22370.0
2017-12-22 00:00:00+00:00,22355.0
2017-12-25 00:00:00+00:00,22335.0
2017-12-26 00:00:00+00:00,22363.0
2017-12-27 00:00:00+00:00,22366.0
2017-12-28 00:00:00+00:00,22370.0
2017-12-29 00:00:00+00:00,22343.0
2018-01-01 00:00:00+00:00,22325.0
2018-01-02 00:00:00+00:00,22384.0
2018-01-03 00:00:00+00:00,22378.0
2018-01-04 00:00:00+00:00,22365.0
2018-01-05 00:00:00+00:00,22419.0
2018-01-08 00:00:00+00:00,22410.0
2018-01-09 00:00:00+00:00,22358.0
2018-01-10 00:00:00+00:00,22482.0
2018-01-11 00:00:00+00:00,22202.0
2018-01-12 00:00:00+00:00,22236.0
2018-01-15 00:00:00+00:00,22365.0
2018-01-16 00:00:00+00:00,22299.0
2018-01-17 00:00:00+00:00,22424.0
2018-01-18 00:00:00+00:00,22385.0
2018-01-19 00:00:00+00:00,22475.0
2018-01-22 00:00:00+00:00,22675.0
2018-01-23 00:00:00+00:00,22675.5
2018-01-24 00:00:00+00:00,22675.5
2018-01-25 00:00:00+00:00,22678.400390625
2018-01-26 00:00:00+00:00,22676.0
2018-01-29 00:00:00+00:00,22666.0
2018-01-30 00:00:00+00:00,22676.099609375
2018-01-31 00:00:00+00:00,22661.80078125
2018-02-01 00:00:00+00:00,22674.80078125
2018-02-02 00:00:00+00:00,22675.80078125
2018-02-05 00:00:00+00:00,22674.5
2018-02-06 00:00:00+00:00,22675.5
2018-02-07 00:00:00+00:00,22665.099609375
2018-02-08 00:00:00+00:00,22660.0
2018-02-09 00:00:00+00:00,22667.400390625
2018-02-12 00:00:00+00:00,22671.30078125
2018-02-13 00:00:00+00:00,22678.0
2018-02-14 00:00:00+00:00,22678.5
2018-02-15 00:00:00+00:00,22678.5
2018-02-16 00:00:00+00:00,22672.5
2018-02-19 00:00:00+00:00,22844.0
2018-02-20 00:00:00+00:00,22662.0
2018-02-21 00:00:00+00:00,22682.599609375
2018-02-22 00:00:00+00:00,22687.599609375
2018-02-23 00:00:00+00:00,22705.5
2018-02-26 00:00:00+00:00,22711.5
2018-02-27 00:00:00+00:00,22709.30078125
2018-02-28 00:00:00+00:00,22718.80078125
2018-03-01 00:00:00+00:00,22722.5
2018-03-02 00:00:00+00:00,22715.0
2018-03-05 00:00:00+00:00,22725.0
2018-03-06 00:00:00+00:00,22730.0
2018-03-07 00:00:00+00:00,22735.0
2018-03-08 00:00:00+00:00,22722.5
2018-03-09 00:00:00+00:00,22725.0
2018-03-12 00:00:00+00:00,22723.5
2018-03-13 00:00:00+00:00,22727.5
2018-03-14 00:00:00+00:00,22731.5
2018-03-15 00:00:00+00:00,22735.0
2018-03-16 00:00:00+00:00,22744.400390625
2018-03-19 00:00:00+00:00,22713.30078125
2018-03-20 00:00:00+00:00,22739.5
2018-03-21 00:00:00+00:00,22734.80078125
2018-03-22 00:00:00+00:00,22738.0
2018-03-23 00:00:00+00:00,22770.0
2018-03-25 23:00:00+00:00,22757.0
2018-03-26 23:00:00+00:00,22780.5
2018-03-27 23:00:00+00:00,22784.0
2018-03-28 23:00:00+00:00,22777.900390625
2018-03-29 23:00:00+00:00,22759.0
2018-04-01 23:00:00+00:00,22505.0
2018-04-02 23:00:00+00:00,22775.0
2018-04-03 23:00:00+00:00,22775.0
2018-04-04 23:00:00+00:00,22780.5
2018-04-05 23:00:00+00:00,22778.0
2018-04-08 23:00:00+00:00,22767.5
2018-04-09 23:00:00+00:00,22374.0
2018-04-10 23:00:00+00:00,22757.5
2018-04-11 23:00:00+00:00,22755.5
2018-04-12 23:00:00+00:00,22753.5
2018-04-15 23:00:00+00:00,22751.5
2018-04-16 23:00:00+00:00,22742.5
2018-04-17 23:00:00+00:00,22737.5
2018-04-18 23:00:00+00:00,22739.0
2018-04-19 23:00:00+00:00,22744.0
2018-04-22 23:00:00+00:00,22428.0
2018-04-23 23:00:00+00:00,22736.0
2018-04-24 23:00:00+00:00,22734.0
2018-04-25 23:00:00+00:00,22734.0
2018-04-26 23:00:00+00:00,22732.0
2018-04-29 23:00:00+00:00,22728.5
2018-04-30 23:00:00+00:00,22728.5
2018-05-01 23:00:00+00:00,22494.0
2018-05-02 23:00:00+00:00,22726.0
2018-05-03 23:00:00+00:00,22727.5
2018-05-06 23:00:00+00:00,22416.0
2018-05-07 23:00:00+00:00,22733.5
2018-05-08 23:00:00+00:00,22737.5
2018-05-09 23:00:00+00:00,22742.0
2018-05-10 23:00:00+00:00,22458.0
2018-05-13 23:00:00+00:00,22398.0
2018-05-14 23:00:00+00:00,22732.5
2018-05-15 23:00:00+00:00,22735.5
2018-05-16 23:00:00+00:00,22737.5
2018-05-17 23:00:00+00:00,22740.0
2018-05-20 23:00:00+00:00,22428.0
2018-05-21 23:00:00+00:00,22736.5
2018-05-22 23:00:00+00:00,22734.5
2018-05-23 23:00:00+00:00,22739.0
2018-05-24 23:00:00+00:00,22743.0
2018-05-27 23:00:00+00:00,22746.0
2018-05-28 23:00:00+00:00,22779.5
2018-05-29 23:00:00+00:00,22802.5
2018-05-30 23:00:00+00:00,22820.0
2018-05-31 23:00:00+00:00,22771.0
2018-06-03 23:00:00+00:00,22533.0
2018-06-04 23:00:00+00:00,22532.0
2018-06-05 23:00:00+00:00,22794.5
2018-06-06 23:00:00+00:00,22773.5
2018-06-07 23:00:00+00:00,22767.0
2018-06-10 23:00:00+00:00,22366.0
2018-06-11 23:00:00+00:00,22780.5
2018-06-12 23:00:00+00:00,22778.5
2018-06-13 23:00:00+00:00,22777.5
2018-06-14 23:00:00+00:00,22778.0
2018-06-17 23:00:00+00:00,22781.0
2018-06-18 23:00:00+00:00,22801.0
2018-06-19 23:00:00+00:00,22818.5
2018-06-20 23:00:00+00:00,22832.5
2018-06-21 23:00:00+00:00,22842.0
2018-06-24 23:00:00+00:00,22840.0
2018-06-25 23:00:00+00:00,22865.0
2018-06-26 23:00:00+00:00,22886.0
2018-06-27 23:00:00+00:00,22901.5
2018-06-28 23:00:00+00:00,22906.0
2018-07-01 23:00:00+00:00,22923.5
2018-07-02 23:00:00+00:00,22919.5
2018-07-03 23:00:00+00:00,23011.0
2018-07-04 23:00:00+00:00,23004.0
2018-07-05 23:00:00+00:00,23006.5
2018-07-08 23:00:00+00:00,22602.400390625
2018-07-09 23:00:00+00:00,23005.0
2018-07-10 23:00:00+00:00,23004.5
2018-07-11 23:00:00+00:00,23009.0
2018-07-12 23:00:00+00:00,23013.0
2018-07-15 23:00:00+00:00,23010.0
2018-07-16 23:00:00+00:00,23012.400390625
2018-07-17 23:00:00+00:00,23006.80078125
2018-07-18 23:00:00+00:00,23016.19921875
2018-07-19 23:00:00+00:00,23017.0
2018-07-22 23:00:00+00:00,22555.69921875
2018-07-23 23:00:00+00:00,23018.0
2018-07-24 23:00:00+00:00,23216.0
2018-07-25 23:00:00+00:00,23182.5
2018-07-26 23:00:00+00:00,23145.0
2018-07-29 23:00:00+00:00,23197.5
2018-07-30 23:00:00+00:00,23222.5
2018-07-31 23:00:00+00:00,23248.0
2018-08-01 23:00:00+00:00,23256.5
2018-08-02 23:00:00+00:00,23247.5
2018-08-05 23:00:00+00:00,23271.0
2018-08-06 23:00:00+00:00,23272.5
2018-08-07 23:00:00+00:00,23268.0
2018-08-08 23:00:00+00:00,23249.0
2018-08-09 23:00:00+00:00,23242.5
2018-08-12 23:00:00+00:00,23242.0
2018-08-13 23:00:00+00:00,23280.0
2018-08-14 23:00:00+00:00,23280.0
2018-08-15 23:00:00+00:00,23277.5
2018-08-16 23:00:00+00:00,23278.0
2018-08-19 23:00:00+00:00,23259.0
2018-08-20 23:00:00+00:00,23238.0
2018-08-21 23:00:00+00:00,23234.0
2018-08-22 23:00:00+00:00,23240.0
2018-08-23 23:00:00+00:00,23247.0
2018-08-26 23:00:00+00:00,22872.400390625
2018-08-27 23:00:00+00:00,23259.0
2018-08-28 23:00:00+00:00,23261.5
2018-08-29 23:00:00+00:00,23266.0
2018-08-30 23:00:00+00:00,23268.0
2018-09-02 23:00:00+00:00,23279.0
2018-09-03 23:00:00+00:00,23271.0
2018-09-04 23:00:00+00:00,23289.900390625
2018-09-05 23:00:00+00:00,23279.0
2018-09-06 23:00:00+00:00,23279.5
2018-09-09 23:00:00+00:00,23291.5
2018-09-10 23:00:00+00:00,23267.5
2018-09-11 23:00:00+00:00,23249.19921875
2018-09-12 23:00:00+00:00,23245.400390625
2018-09-13 23:00:00+00:00,23242.0
2018-09-16 23:00:00+00:00,23213.5
2018-09-17 23:00:00+00:00,23256.5
2018-09-18 23:00:00+00:00,23246.5
2018-09-19 23:00:00+00:00,23272.5
2018-09-20 23:00:00+00:00,23287.5
2018-09-23 23:00:00+00:00,22978.900390625
2018-09-24 23:00:00+00:00,23024.69921875
2018-09-25 23:00:00+00:00,23310.5
2018-09-26 23:00:00+00:00,23313.5
2018-09-27 23:00:00+00:00,23312.5
2018-09-30 23:00:00+00:00,23292.5
2018-10-01 23:00:00+00:00,23296.0
2018-10-02 23:00:00+00:00,23292.5
2018-10-03 23:00:00+00:00,23307.5
2018-10-04 23:00:00+00:00,23311.5
2018-10-07 23:00:00+00:00,22910.400390625
2018-10-08 23:00:00+00:00,23317.5
2018-10-09 23:00:00+00:00,23321.5
2018-10-10 23:00:00+00:00,23316.0
2018-10-11 23:00:00+00:00,23311.0
2018-10-14 23:00:00+00:00,23310.5
2018-10-15 23:00:00+00:00,23297.5
2018-10-16 23:00:00+00:00,23304.0
2018-10-17 23:00:00+00:00,23310.0
2018-10-18 23:00:00+00:00,23312.5
2018-10-21 23:00:00+00:00,23311.80078125
2018-10-22 23:00:00+00:00,23313.5
2018-10-23 23:00:00+00:00,23313.5
2018-10-24 23:00:00+00:00,23321.599609375
2018-10-25 23:00:00+00:00,23320.0
2018-10-29 00:00:00+00:00,22898.599609375
2018-10-30 00:00:00+00:00,23310.5
2018-10-31 00:00:00+00:00,23310.0
2018-11-01 00:00:00+00:00,23311.099609375
2018-11-02 00:00:00+00:00,23308.400390625
2018-11-05 00:00:00+00:00,23307.0
2018-11-06 00:00:00+00:00,23300.0
2018-11-07 00:00:00+00:00,23291.0
2018-11-08 00:00:00+00:00,23295.0
2018-11-09 00:00:00+00:00,23289.19921875
2018-11-12 00:00:00+00:00,23260.0
2018-11-13 00:00:00+00:00,23267.5
2018-11-14 00:00:00+00:00,23280.0
2018-11-15 00:00:00+00:00,23278.599609375
2018-11-16 00:00:00+00:00,23274.0
2018-11-19 00:00:00+00:00,22771.30078125
2018-11-20 00:00:00+00:00,23276.5
2018-11-21 00:00:00+00:00,23302.0
2018-11-22 00:00:00+00:00,23318.0
2018-11-23 00:00:00+00:00,23318.0
2018-11-26 00:00:00+00:00,23021.400390625
2018-11-27 00:00:00+00:00,23306.0
2018-11-28 00:00:00+00:00,23312.5
2018-11-29 00:00:00+00:00,23301.0
2018-11-30 00:00:00+00:00,23292.5
2018-12-03 00:00:00+00:00,23074.900390625
2018-12-04 00:00:00+00:00,23267.5
2018-12-05 00:00:00+00:00,23257.5
2018-12-06 00:00:00+00:00,23270.0
2018-12-07 00:00:00+00:00,23297.5
2018-12-10 00:00:00+00:00,23277.5
2018-12-11 00:00:00+00:00,23271.0
2018-12-12 00:00:00+00:00,23270.0
2018-12-13 00:00:00+00:00,23268.099609375
2018-12-14 00:00:00+00:00,23255.0
2018-12-17 00:00:00+00:00,23253.0
2018-12-18 00:00:00+00:00,23284.0
2018-12-19 00:00:00+00:00,23285.5
2018-12-20 00:00:00+00:00,23278.5
2018-12-21 00:00:00+00:00,23267.5
2018-12-24 00:00:00+00:00,23248.5
2018-12-25 00:00:00+00:00,22939.900390625
2018-12-26 00:00:00+00:00,23243.5
2018-12-27 00:00:00+00:00,23243.0
2018-12-28 00:00:00+00:00,23187.5
2018-12-31 00:00:00+00:00,23194.0
2019-01-01 00:00:00+00:00,23160.0
2019-01-02 00:00:00+00:00,23194.0
2019-01-03 00:00:00+00:00,23194.0
2019-01-04 00:00:00+00:00,23194.0
2019-01-07 00:00:00+00:00,23194.0
2019-01-08 00:00:00+00:00,23194.0
2019-01-09 00:00:00+00:00,23194.0
2019-01-10 00:00:00+00:00,23194.0
2019-01-11 00:00:00+00:00,23194.0
2019-01-14 00:00:00+00:00,23194.0
2019-01-15 00:00:00+00:00,23194.0
2019-01-16 00:00:00+00:00,23194.0
2019-01-17 00:00:00+00:00,23194.0
2019-01-18 00:00:00+00:00,23194.0
2019-01-21 00:00:00+00:00,23194.0
2019-01-22 00:00:00+00:00,23194.0
2019-01-23 00:00:00+00:00,23194.0
2019-01-24 00:00:00+00:00,23194.0
2019-01-25 00:00:00+00:00,23194.0
2019-01-28 00:00:00+00:00,22733.19921875
2019-01-29 00:00:00+00:00,23194.0
2019-01-30 00:00:00+00:00,23194.0
2019-01-31 00:00:00+00:00,23194.0
2019-02-01 00:00:00+00:00,23203.0
2019-02-04 00:00:00+00:00,23203.0
2019-02-05 00:00:00+00:00,23203.0
2019-02-06 00:00:00+00:00,23203.0
2019-02-07 00:00:00+00:00,23203.0
2019-02-08 00:00:00+00:00,23203.0
2019-02-11 00:00:00+00:00,22862.69921875
2019-02-12 00:00:00+00:00,23203.0
2019-02-13 00:00:00+00:00,23203.0
2019-02-14 00:00:00+00:00,23203.0
2019-02-15 00:00:00+00:00,23203.0
2019-02-18 00:00:00+00:00,23203.0
2019-02-19 00:00:00+00:00,23203.0
2019-02-20 00:00:00+00:00,23203.0
2019-02-21 00:00:00+00:00,23203.0
2019-02-22 00:00:00+00:00,23203.0
2019-02-25 00:00:00+00:00,22851.5
2019-02-26 00:00:00+00:00,23203.0
2019-02-27 00:00:00+00:00,23203.0
2019-02-28 00:00:00+00:00,23198.0
2019-03-01 00:00:00+00:00,23198.0
2019-03-04 00:00:00+00:00,23198.0
2019-03-05 00:00:00+00:00,23198.0
2019-03-06 00:00:00+00:00,23198.0
2019-03-07 00:00:00+00:00,23198.0
2019-03-08 00:00:00+00:00,23198.0
2019-03-11 00:00:00+00:00,22793.69921875
2019-03-12 00:00:00+00:00,23198.0
2019-03-13 00:00:00+00:00,23198.0
2019-03-14 00:00:00+00:00,23198.0
2019-03-15 00:00:00+00:00,23198.0
2019-03-18 00:00:00+00:00,23198.0
2019-03-19 00:00:00+00:00,23198.0
2019-03-20 00:00:00+00:00,23198.0
2019-03-21 00:00:00+00:00,23198.0
2019-03-22 00:00:00+00:00,23198.0
2019-03-25 00:00:00+00:00,22803.80078125
2019-03-26 00:00:00+00:00,23198.0
2019-03-27 00:00:00+00:00,23198.0
2019-03-28 00:00:00+00:00,23198.0
2019-03-29 00:00:00+00:00,23198.0
2019-03-31 23:00:00+00:00,23198.0
2019-04-01 23:00:00+00:00,23198.0
2019-04-02 23:00:00+00:00,23198.0
2019-04-03 23:00:00+00:00,23198.0
2019-04-04 23:00:00+00:00,23198.0
2019-04-07 23:00:00+00:00,23198.0
2019-04-08 23:00:00+00:00,23198.0
2019-04-09 23:00:00+00:00,23198.0
2019-04-10 23:00:00+00:00,23198.0
2019-04-11 23:00:00+00:00,23198.0
2019-04-14 23:00:00+00:00,22833.19921875
2019-04-15 23:00:00+00:00,23164.5
2019-04-16 23:00:00+00:00,23167.5
2019-04-17 23:00:00+00:00,23163.5
2019-04-18 23:00:00+00:00,23168.5
2019-04-21 23:00:00+00:00,23177.5
2019-04-22 23:00:00+00:00,22868.400390625
2019-04-23 23:00:00+00:00,23182.5
2019-04-24 23:00:00+00:00,23182.80078125
2019-04-25 23:00:00+00:00,23185.0
2019-04-28 23:00:00+00:00,22876.30078125
2019-04-29 23:00:00+00:00,23254.900390625
2019-04-30 23:00:00+00:00,23255.0
2019-05-01 23:00:00+00:00,23243.80078125
2019-05-02 23:00:00+00:00,23235.0
2019-05-05 23:00:00+00:00,23217.5
2019-05-06 23:00:00+00:00,23246.5
2019-05-07 23:00:00+00:00,23260.0
2019-05-08 23:00:00+00:00,23332.5
2019-05-09 23:00:00+00:00,23365.0
2019-05-12 23:00:00+00:00,23312.5
2019-05-13 23:00:00+00:00,23294.0
2019-05-14 23:00:00+00:00,23345.0
2019-05-15 23:00:00+00:00,23290.0
2019-05-16 23:00:00+00:00,23272.69921875
2019-05-19 23:00:00+00:00,23357.5
2019-05-20 23:00:00+00:00,23372.5
2019-05-21 23:00:00+00:00,
2019-05-22 23:00:00+00:00,23048.599609375
2019-05-23 23:00:00+00:00,23354.0
2019-05-26 23:00:00+00:00,22990.19921875
2019-05-27 23:00:00+00:00,23355.0
2019-05-28 23:00:00+00:00,23087.19921875
2019-05-29 23:00:00+00:00,23367.5
2019-05-30 23:00:00+00:00,23382.69921875
2019-06-02 23:00:00+00:00,22945.900390625
2019-06-03 23:00:00+00:00,23359.5
2019-06-04 23:00:00+00:00,23362.5
2019-06-05 23:00:00+00:00,23375.0
2019-06-06 23:00:00+00:00,23368.0
2019-06-09 23:00:00+00:00,23362.0
2019-06-10 23:00:00+00:00,23330.0
2019-06-11 23:00:00+00:00,23330.0
2019-06-12 23:00:00+00:00,23285.5
2019-06-13 23:00:00+00:00,23285.0
2019-06-16 23:00:00+00:00,23034.5
2019-06-17 23:00:00+00:00,23315.0
2019-06-18 23:00:00+00:00,23301.0
2019-06-19 23:00:00+00:00,23300.0
2019-06-20 23:00:00+00:00,23265.0
2019-06-23 23:00:00+00:00,22876.5
2019-06-24 23:00:00+00:00,23262.5
2019-06-25 23:00:00+00:00,23272.599609375
2019-06-26 23:00:00+00:00,23270.0
2019-06-27 23:00:00+00:00,23280.0
2019-06-30 23:00:00+00:00,23275.0
2019-07-01 23:00:00+00:00,22997.599609375
2019-07-02 23:00:00+00:00,22901.30078125
2019-07-03 23:00:00+00:00,23215.0
2019-07-04 23:00:00+00:00,23215.0
2019-07-07 23:00:00+00:00,23202.5
2019-07-08 23:00:00+00:00,23202.5
2019-07-09 23:00:00+00:00,23202.5
2019-07-10 23:00:00+00:00,23202.5
2019-07-11 23:00:00+00:00,23202.5
2019-07-14 23:00:00+00:00,23202.5
2019-07-15 23:00:00+00:00,23166.5
2019-07-16 23:00:00+00:00,23166.0
2019-07-17 23:00:00+00:00,23167.5
2019-07-18 23:00:00+00:00,23179.80078125
2019-07-21 23:00:00+00:00,22901.099609375
2019-07-22 23:00:00+00:00,23192.5
2019-07-23 23:00:00+00:00,23175.0
2019-07-24 23:00:00+00:00,23175.0
2019-07-25 23:00:00+00:00,23175.099609375
2019-07-28 23:00:00+00:00,23176.5
2019-07-29 23:00:00+00:00,23207.0
2019-07-30 23:00:00+00:00,23207.0
2019-07-31 23:00:00+00:00,23207.0
2019-08-01 23:00:00+00:00,23207.0
2019-08-04 23:00:00+00:00,23207.0
2019-08-05 23:00:00+00:00,23207.0
2019-08-06 23:00:00+00:00,23207.0
2019-08-07 23:00:00+00:00,23207.0
2019-08-08 23:00:00+00:00,23207.0
2019-08-11 23:00:00+00:00,23207.0
2019-08-12 23:00:00+00:00,23207.0
2019-08-13 23:00:00+00:00,23207.0
2019-08-14 23:00:00+00:00,23207.0
2019-08-15 23:00:00+00:00,23207.0
2019-08-18 23:00:00+00:00,23207.0
2019-08-19 23:00:00+00:00,23207.0
2019-08-20 23:00:00+00:00,23207.0
2019-08-21 23:00:00+00:00,23207.0
2019-08-22 23:00:00+00:00,23207.0
2019-08-25 23:00:00+00:00,22459.900390625
2019-08-26 23:00:00+00:00,23207.0
2019-08-27 23:00:00+00:00,23207.0
2019-08-28 23:00:00+00:00,23207.0
2019-08-29 23:00:00+00:00,23207.0
2019-09-01 23:00:00+00:00,23207.0
2019-09-02 23:00:00+00:00,23207.0
2019-09-03 23:00:00+00:00,23207.0
2019-09-04 23:00:00+00:00,23207.0
2019-09-05 23:00:00+00:00,23207.0
2019-09-08 23:00:00+00:00,22626.5
2019-09-09 23:00:00+00:00,23207.0
2019-09-10 23:00:00+00:00,23207.0
2019-09-11 23:00:00+00:00,23207.0
2019-09-12 23:00:00+00:00,23207.0
2019-09-15 23:00:00+00:00,23207.0
2019-09-16 23:00:00+00:00,23207.0
2019-09-17 23:00:00+00:00,23207.0
2019-09-18 23:00:00+00:00,23207.0
2019-09-19 23:00:00+00:00,23207.0
2019-09-22 23:00:00+00:00,23207.0
2019-09-23 23:00:00+00:00,23207.0
2019-09-24 23:00:00+00:00,23207.0
2019-09-25 23:00:00+00:00,23207.0
2019-09-26 23:00:00+00:00,23207.0
2019-09-29 23:00:00+00:00,22835.099609375
2019-09-30 23:00:00+00:00,23207.0
2019-10-01 23:00:00+00:00,22764.900390625
2019-10-02 23:00:00+00:00,22756.0
2019-10-03 23:00:00+00:00,23207.0
2019-10-06 23:00:00+00:00,22855.19921875
2019-10-07 23:00:00+00:00,23207.0
2019-10-08 23:00:00+00:00,23207.0
2019-10-09 23:00:00+00:00,23207.0
2019-10-10 23:00:00+00:00,23207.0
2019-10-13 23:00:00+00:00,22842.7734375
2019-10-14 23:00:00+00:00,23207.0
2019-10-15 23:00:00+00:00,23207.0
2019-10-16 23:00:00+00:00,23207.0
2019-10-17 23:00:00+00:00,23207.0
2019-10-20 23:00:00+00:00,23207.0
2019-10-21 23:00:00+00:00,23207.0
2019-10-22 23:00:00+00:00,23207.0
2019-10-23 23:00:00+00:00,23207.0
2019-10-24 23:00:00+00:00,23207.0
2019-10-28 00:00:00+00:00,23207.0
2019-10-29 00:00:00+00:00,23207.0
2019-10-30 00:00:00+00:00,23207.0
2019-10-31 00:00:00+00:00,23207.0
2019-11-01 00:00:00+00:00,23207.0
2019-11-04 00:00:00+00:00,23207.0
2019-11-05 00:00:00+00:00,23207.0
2019-11-06 00:00:00+00:00,23207.0
2019-11-07 00:00:00+00:00,23207.0
2019-11-08 00:00:00+00:00,23207.0
2019-11-11 00:00:00+00:00,23207.0
2019-11-12 00:00:00+00:00,23207.0
2019-11-13 00:00:00+00:00,23207.0
2019-11-14 00:00:00+00:00,23207.0
2019-11-15 00:00:00+00:00,23207.0
2019-11-18 00:00:00+00:00,22802.74609375
2019-11-19 00:00:00+00:00,23207.0
2019-11-20 00:00:00+00:00,23207.0
2019-11-21 00:00:00+00:00,23207.0
2019-11-22 00:00:00+00:00,23207.0
2019-11-25 00:00:00+00:00,23207.0
2019-11-26 00:00:00+00:00,23207.0
2019-11-27 00:00:00+00:00,23207.0
2019-11-28 00:00:00+00:00,23207.0
2019-11-29 00:00:00+00:00,23207.0
2019-12-02 00:00:00+00:00,22771.517578125
2019-12-03 00:00:00+00:00,23207.0
2019-12-04 00:00:00+00:00,23207.0
2019-12-05 00:00:00+00:00,23171.0
2019-12-06 00:00:00+00:00,23171.0
2019-12-09 00:00:00+00:00,23171.0
2019-12-10 00:00:00+00:00,23171.0
2019-12-11 00:00:00+00:00,23171.0
2019-12-12 00:00:00+00:00,23171.0
2019-12-13 00:00:00+00:00,23171.0
2019-12-16 00:00:00+00:00,23171.0
2019-12-17 00:00:00+00:00,23171.0
2019-12-18 00:00:00+00:00,23171.0
2019-12-19 00:00:00+00:00,23171.0
2019-12-20 00:00:00+00:00,23171.0
2019-12-23 00:00:00+00:00,23171.0
2019-12-24 00:00:00+00:00,23171.0
2019-12-25 00:00:00+00:00,23171.0
2019-12-26 00:00:00+00:00,23171.0
2019-12-27 00:00:00+00:00,23171.0
2019-12-30 00:00:00+00:00,23171.0
2019-12-31 00:00:00+00:00,23171.0
2020-01-01 00:00:00+00:00,23171.0
2020-01-02 00:00:00+00:00,23171.0
2020-01-03 00:00:00+00:00,23171.0
2020-01-06 00:00:00+00:00,23171.0
2020-01-07 00:00:00+00:00,23171.0
2020-01-08 00:00:00+00:00,23171.0
2020-01-09 00:00:00+00:00,23171.0
2020-01-10 00:00:00+00:00,23171.0
2020-01-13 00:00:00+00:00,22761.69140625
2020-01-14 00:00:00+00:00,23171.0
2020-01-15 00:00:00+00:00,23171.0
2020-01-16 00:00:00+00:00,23171.0
2020-01-17 00:00:00+00:00,23171.0
2020-01-20 00:00:00+00:00,23171.0
2020-01-21 00:00:00+00:00,23171.0
2020-01-22 00:00:00+00:00,23171.0
2020-01-23 00:00:00+00:00,23171.0
2020-01-24 00:00:00+00:00,23171.0
2020-01-27 00:00:00+00:00,23171.0
2020-01-28 00:00:00+00:00,23171.0
2020-01-29 00:00:00+00:00,23171.0
2020-01-30 00:00:00+00:00,23171.0
2020-01-31 00:00:00+00:00,23182.0
2020-02-03 00:00:00+00:00,23182.0
2020-02-04 00:00:00+00:00,23182.0
2020-02-05 00:00:00+00:00,23237.0
2020-02-06 00:00:00+00:00,23237.0
2020-02-07 00:00:00+00:00,23237.0
2020-02-10 00:00:00+00:00,23237.0
2020-02-11 00:00:00+00:00,23237.0
2020-02-12 00:00:00+00:00,23237.0
2020-02-13 00:00:00+00:00,23237.0
2020-02-14 00:00:00+00:00,23237.0
2020-02-17 00:00:00+00:00,23237.0
2020-02-18 00:00:00+00:00,23237.0
2020-02-19 00:00:00+00:00,23235.0
2020-02-20 00:00:00+00:00,23235.0
2020-02-21 00:00:00+00:00,23235.0
2020-02-24 00:00:00+00:00,23235.0
2020-02-25 00:00:00+00:00,23235.0
2020-02-26 00:00:00+00:00,23235.0
2020-02-27 00:00:00+00:00,23240.0
2020-02-28 00:00:00+00:00,23240.0
2020-03-02 00:00:00+00:00,23234.0
2020-03-03 00:00:00+00:00,23234.0
2020-03-04 00:00:00+00:00,23234.0
2020-03-05 00:00:00+00:00,23204.0
2020-03-06 00:00:00+00:00,23204.0
2020-03-09 00:00:00+00:00,23204.0
2020-03-10 00:00:00+00:00,23204.0
2020-03-11 00:00:00+00:00,23204.0
2020-03-12 00:00:00+00:00,23204.0
2020-03-13 00:00:00+00:00,23204.0
2020-03-16 00:00:00+00:00,23204.0
2020-03-17 00:00:00+00:00,23204.0
2020-03-18 00:00:00+00:00,23244.0
2020-03-19 00:00:00+00:00,23244.0
2020-03-20 00:00:00+00:00,23244.0
2020-03-23 00:00:00+00:00,23244.0
2020-03-24 00:00:00+00:00,23244.0
2020-03-25 00:00:00+00:00,23244.0
2020-03-26 00:00:00+00:00,23244.0
2020-03-27 00:00:00+00:00,23244.0
2020-03-29 23:00:00+00:00,23010.337890625
2020-03-30 23:00:00+00:00,23631.0
2020-03-31 23:00:00+00:00,23631.0
2020-04-01 23:00:00+00:00,23631.0
2020-04-02 23:00:00+00:00,23631.0
2020-04-05 23:00:00+00:00,23631.0
2020-04-06 23:00:00+00:00,23631.0
2020-04-07 23:00:00+00:00,23631.0
2020-04-08 23:00:00+00:00,23631.0
2020-04-09 23:00:00+00:00,23631.0
2020-04-12 23:00:00+00:00,23631.0
2020-04-13 23:00:00+00:00,23631.0
2020-04-14 23:00:00+00:00,23449.0
2020-04-15 23:00:00+00:00,23441.0
2020-04-16 23:00:00+00:00,23441.0
2020-04-19 23:00:00+00:00,22972.873046875
2020-04-20 23:00:00+00:00,23441.0
2020-04-21 23:00:00+00:00,23441.0
2020-04-22 23:00:00+00:00,23441.0
2020-04-23 23:00:00+00:00,23441.0
2020-04-26 23:00:00+00:00,23441.0
2020-04-27 23:00:00+00:00,23441.0
2020-04-28 23:00:00+00:00,23444.0
2020-04-29 23:00:00+00:00,23444.0
2020-04-30 23:00:00+00:00,23444.0
2020-05-03 23:00:00+00:00,23444.0
2020-05-04 23:00:00+00:00,23444.0
2020-05-05 23:00:00+00:00,23444.0
2020-05-06 23:00:00+00:00,23444.0
2020-05-07 23:00:00+00:00,23444.0
2020-05-10 23:00:00+00:00,23399.0
2020-05-11 23:00:00+00:00,23399.0
2020-05-12 23:00:00+00:00,23334.0
2020-05-13 23:00:00+00:00,23334.0
2020-05-14 23:00:00+00:00,23334.0
2020-05-17 23:00:00+00:00,23334.0
2020-05-18 23:00:00+00:00,23334.0
2020-05-19 23:00:00+00:00,23334.0
2020-05-20 23:00:00+00:00,23334.0
2020-05-21 23:00:00+00:00,23334.0
2020-05-24 23:00:00+00:00,23334.0
2020-05-25 23:00:00+00:00,23334.0
2020-05-26 23:00:00+00:00,23312.0
2020-05-27 23:00:00+00:00,23312.0
2020-05-28 23:00:00+00:00,23309.0
2020-05-31 23:00:00+00:00,23280.0
2020-06-01 23:00:00+00:00,23264.0
2020-06-02 23:00:00+00:00,23264.0
2020-06-03 23:00:00+00:00,23264.0
2020-06-04 23:00:00+00:00,23264.0
2020-06-07 23:00:00+00:00,23264.0
2020-06-08 23:00:00+00:00,23264.0
2020-06-09 23:00:00+00:00,23264.0
2020-06-10 23:00:00+00:00,23264.0
2020-06-11 23:00:00+00:00,23264.0
2020-06-14 23:00:00+00:00,23264.0
2020-06-15 23:00:00+00:00,23264.0
2020-06-16 23:00:00+00:00,23264.0
2020-06-17 23:00:00+00:00,23264.0
2020-06-18 23:00:00+00:00,23264.0
2020-06-21 23:00:00+00:00,23264.0
2020-06-22 23:00:00+00:00,23264.0
2020-06-23 23:00:00+00:00,23264.0
2020-06-24 23:00:00+00:00,23264.0
2020-06-25 23:00:00+00:00,23264.0
2020-06-28 23:00:00+00:00,23210.0
2020-06-29 23:00:00+00:00,23264.0
2020-06-30 23:00:00+00:00,23264.0
2020-07-01 23:00:00+00:00,23264.0
2020-07-02 23:00:00+00:00,23202.0
2020-07-05 23:00:00+00:00,23199.0
2020-07-06 23:00:00+00:00,23201.0
2020-07-07 23:00:00+00:00,23180.0
2020-07-08 23:00:00+00:00,23188.0
2020-07-09 23:00:00+00:00,23184.0
2020-07-12 23:00:00+00:00,22824.259765625
2020-07-13 23:00:00+00:00,23179.0
2020-07-14 23:00:00+00:00,23181.0
2020-07-15 23:00:00+00:00,23183.0
2020-07-16 23:00:00+00:00,23184.0
2020-07-19 23:00:00+00:00,23191.0
2020-07-20 23:00:00+00:00,23188.0
2020-07-21 23:00:00+00:00,23180.0
2020-07-22 23:00:00+00:00,23184.0
2020-07-23 23:00:00+00:00,23180.0
2020-07-26 23:00:00+00:00,23175.0
2020-07-27 23:00:00+00:00,23181.0
2020-07-28 23:00:00+00:00,23170.0
2020-07-29 23:00:00+00:00,23175.0
2020-07-30 23:00:00+00:00,23175.0
2020-08-02 23:00:00+00:00,23170.0
2020-08-03 23:00:00+00:00,23170.0
2020-08-04 23:00:00+00:00,23175.0
2020-08-05 23:00:00+00:00,23174.0
2020-08-06 23:00:00+00:00,23173.0
2020-08-09 23:00:00+00:00,22903.845703125
2020-08-10 23:00:00+00:00,23170.0
2020-08-11 23:00:00+00:00,23174.0
2020-08-12 23:00:00+00:00,23175.0
2020-08-13 23:00:00+00:00,23174.0
2020-08-16 23:00:00+00:00,23174.0
2020-08-17 23:00:00+00:00,23174.0
2020-08-18 23:00:00+00:00,23174.0
2020-08-19 23:00:00+00:00,23174.0
2020-08-20 23:00:00+00:00,23174.0
2020-08-23 23:00:00+00:00,23175.0
2020-08-24 23:00:00+00:00,23177.0
2020-08-25 23:00:00+00:00,23170.0
2020-08-26 23:00:00+00:00,23174.0
2020-08-27 23:00:00+00:00,23174.0
2020-08-30 23:00:00+00:00,23174.0
2020-08-31 23:00:00+00:00,23174.0
2020-09-01 23:00:00+00:00,23174.0
2020-09-02 23:00:00+00:00,23174.0
2020-09-03 23:00:00+00:00,23174.0
2020-09-06 23:00:00+00:00,23178.0
2020-09-07 23:00:00+00:00,23174.0
2020-09-08 23:00:00+00:00,23176.0
2020-09-09 23:00:00+00:00,23175.0
2020-09-10 23:00:00+00:00,23173.0
2020-09-13 23:00:00+00:00,23174.0
2020-09-14 23:00:00+00:00,23175.0
2020-09-15 23:00:00+00:00,23175.0
2020-09-16 23:00:00+00:00,23178.0
2020-09-17 23:00:00+00:00,23170.0
2020-09-20 23:00:00+00:00,23170.0
2020-09-21 23:00:00+00:00,23178.0
2020-09-22 23:00:00+00:00,23177.0
2020-09-23 23:00:00+00:00,23185.0
2020-09-24 23:00:00+00:00,23184.0
2020-09-27 23:00:00+00:00,23191.0
2020-09-28 23:00:00+00:00,23188.0
2020-09-29 23:00:00+00:00,23190.0
2020-09-30 23:00:00+00:00,23181.0
2020-10-01 23:00:00+00:00,23188.0
2020-10-04 23:00:00+00:00,23191.0
2020-10-05 23:00:00+00:00,23203.0
2020-10-06 23:00:00+00:00,23205.0
2020-10-07 23:00:00+00:00,23205.0
2020-10-08 23:00:00+00:00,23191.0
2020-10-11 23:00:00+00:00,23180.0
2020-10-12 23:00:00+00:00,23178.0
2020-10-13 23:00:00+00:00,23177.0
2020-10-14 23:00:00+00:00,23175.0
2020-10-15 23:00:00+00:00,23170.0
2020-10-18 23:00:00+00:00,23175.0
2020-10-19 23:00:00+00:00,23175.0
2020-10-20 23:00:00+00:00,23179.0
2020-10-21 23:00:00+00:00,23177.0
2020-10-22 23:00:00+00:00,23176.0
2020-10-26 00:00:00+00:00,23176.0
2020-10-27 00:00:00+00:00,23175.0
2020-10-28 00:00:00+00:00,23175.0
2020-10-29 00:00:00+00:00,23176.0
2020-10-30 00:00:00+00:00,23170.0
2020-11-02 00:00:00+00:00,23180.0
2020-11-03 00:00:00+00:00,23177.0
2020-11-04 00:00:00+00:00,23176.0
2020-11-05 00:00:00+00:00,23176.0
2020-11-06 00:00:00+00:00,23175.0
2020-11-09 00:00:00+00:00,23176.0
2020-11-10 00:00:00+00:00,23170.0
2020-11-11 00:00:00+00:00,23173.0
2020-11-12 00:00:00+00:00,23175.0
2020-11-13 00:00:00+00:00,23175.0
2020-11-16 00:00:00+00:00,23175.0
2020-11-17 00:00:00+00:00,23175.0
2020-11-18 00:00:00+00:00,23163.0
2020-11-19 00:00:00+00:00,23160.0
2020-11-20 00:00:00+00:00,23176.0
2020-11-23 00:00:00+00:00,23176.0
2020-11-24 00:00:00+00:00,23177.0
2020-11-25 00:00:00+00:00,23151.0
2020-11-26 00:00:00+00:00,23160.0
2020-11-27 00:00:00+00:00,23164.0
2020-11-30 00:00:00+00:00,23160.0
2020-12-01 00:00:00+00:00,23140.0
2020-12-02 00:00:00+00:00,23129.0
2020-12-03 00:00:00+00:00,23129.0
2020-12-04 00:00:00+00:00,23125.0
2020-12-07 00:00:00+00:00,23130.0
2020-12-08 00:00:00+00:00,23127.0
2020-12-09 00:00:00+00:00,23128.0
2020-12-10 00:00:00+00:00,23128.0
2020-12-11 00:00:00+00:00,23128.0
2020-12-14 00:00:00+00:00,23128.0
2020-12-15 00:00:00+00:00,23126.0
2020-12-16 00:00:00+00:00,23126.0
2020-12-17 00:00:00+00:00,23126.0
2020-12-18 00:00:00+00:00,23120.0
2020-12-21 00:00:00+00:00,23124.0
2020-12-22 00:00:00+00:00,23120.0
2020-12-23 00:00:00+00:00,23127.0
2020-12-24 00:00:00+00:00,23130.0
2020-12-25 00:00:00+00:00,23125.0
2020-12-28 00:00:00+00:00,23130.0
2020-12-29 00:00:00+00:00,23125.0
2020-12-30 00:00:00+00:00,23120.0
2020-12-31 00:00:00+00:00,23088.0
2021-01-01 00:00:00+00:00,23070.0
2021-01-04 00:00:00+00:00,23070.0
2021-01-05 00:00:00+00:00,23070.0
2021-01-06 00:00:00+00:00,23080.0
2021-01-07 00:00:00+00:00,23090.0
2021-01-08 00:00:00+00:00,23078.0
2021-01-11 00:00:00+00:00,22788.548828125
2021-01-12 00:00:00+00:00,23050.0
2021-01-13 00:00:00+00:00,23065.0
2021-01-14 00:00:00+00:00,23064.0
2021-01-15 00:00:00+00:00,23064.0
2021-01-18 00:00:00+00:00,22818.826171875
2021-01-19 00:00:00+00:00,23069.0
2021-01-20 00:00:00+00:00,23069.0
2021-01-21 00:00:00+00:00,23072.0
2021-01-22 00:00:00+00:00,23060.0
2021-01-25 00:00:00+00:00,23070.0
2021-01-26 00:00:00+00:00,23060.0
2021-01-27 00:00:00+00:00,23069.0
2021-01-28 00:00:00+00:00,23069.0
2021-01-29 00:00:00+00:00,23059.0
2021-02-01 00:00:00+00:00,22699.072265625
2021-02-02 00:00:00+00:00,23045.0
2021-02-03 00:00:00+00:00,23027.0
2021-02-04 00:00:00+00:00,23020.0
2021-02-05 00:00:00+00:00,23015.0
2021-02-08 00:00:00+00:00,23000.0
2021-02-09 00:00:00+00:00,22970.0
2021-02-10 00:00:00+00:00,23010.0
2021-02-11 00:00:00+00:00,23010.0
2021-02-12 00:00:00+00:00,23010.0
2021-02-15 00:00:00+00:00,23010.0
2021-02-16 00:00:00+00:00,23010.0
2021-02-17 00:00:00+00:00,23010.0
2021-02-18 00:00:00+00:00,23010.0
2021-02-19 00:00:00+00:00,23015.0
2021-02-22 00:00:00+00:00,22727.703125
2021-02-23 00:00:00+00:00,23020.0
2021-02-24 00:00:00+00:00,23025.0
2021-02-25 00:00:00+00:00,23020.0
2021-02-26 00:00:00+00:00,23025.0
2021-03-01 00:00:00+00:00,23015.0
2021-03-02 00:00:00+00:00,23020.0
2021-03-03 00:00:00+00:00,23022.0
2021-03-04 00:00:00+00:00,23020.0
2021-03-05 00:00:00+00:00,23019.0
2021-03-08 00:00:00+00:00,23033.0
2021-03-09 00:00:00+00:00,22707.5
2021-03-10 00:00:00+00:00,22726.470703125
2021-03-11 00:00:00+00:00,23052.0
2021-03-12 00:00:00+00:00,23051.0
2021-03-15 00:00:00+00:00,22651.580078125
2021-03-16 00:00:00+00:00,23081.0
2021-03-17 00:00:00+00:00,23082.0
2021-03-18 00:00:00+00:00,23045.0
2021-03-19 00:00:00+00:00,23065.0
2021-03-22 00:00:00+00:00,22761.62890625
2021-03-23 00:00:00+00:00,23076.0
2021-03-24 00:00:00+00:00,23070.0
2021-03-25 00:00:00+00:00,23080.0
2021-03-26 00:00:00+00:00,23084.0
2021-03-28 23:00:00+00:00,23084.0
2021-03-29 23:00:00+00:00,23070.0
2021-03-30 23:00:00+00:00,23070.0
2021-03-31 23:00:00+00:00,23074.0
2021-04-01 23:00:00+00:00,23065.0
2021-04-04 23:00:00+00:00,23073.0
2021-04-05 23:00:00+00:00,23079.0
2021-04-06 23:00:00+00:00,23090.0
2021-04-07 23:00:00+00:00,23090.0
2021-04-08 23:00:00+00:00,23085.0
2021-04-11 23:00:00+00:00,22697.6328125
2021-04-12 23:00:00+00:00,23067.0
2021-04-13 23:00:00+00:00,23069.0
2021-04-14 23:00:00+00:00,23078.0
2021-04-15 23:00:00+00:00,23073.0
2021-04-18 23:00:00+00:00,22747.548828125
2021-04-19 23:00:00+00:00,23073.0
2021-04-20 23:00:00+00:00,23074.0
2021-04-21 23:00:00+00:00,23074.0
2021-04-22 23:00:00+00:00,23070.0
2021-04-25 23:00:00+00:00,22664.841796875
2021-04-26 23:00:00+00:00,23040.0
2021-04-27 23:00:00+00:00,23042.0
2021-04-28 23:00:00+00:00,23047.0
2021-04-29 23:00:00+00:00,23054.0
2021-05-02 23:00:00+00:00,22837.033203125
2021-05-03 23:00:00+00:00,23054.0
2021-05-04 23:00:00+00:00,23050.0
2021-05-05 23:00:00+00:00,23060.0
2021-05-06 23:00:00+00:00,23067.0
2021-05-09 23:00:00+00:00,22562.2265625
2021-05-10 23:00:00+00:00,23060.0
2021-05-11 23:00:00+00:00,23055.0
2021-05-12 23:00:00+00:00,23053.0
2021-05-13 23:00:00+00:00,23040.0
2021-05-16 23:00:00+00:00,23048.0
2021-05-17 23:00:00+00:00,23046.0
2021-05-18 23:00:00+00:00,23040.0
2021-05-19 23:00:00+00:00,23045.0
2021-05-20 23:00:00+00:00,23045.0
2021-05-23 23:00:00+00:00,23054.0
2021-05-24 23:00:00+00:00,23056.0
2021-05-25 23:00:00+00:00,23060.0
2021-05-26 23:00:00+00:00,23055.0
2021-05-27 23:00:00+00:00,23045.0
2021-05-30 23:00:00+00:00,23045.0
2021-05-31 23:00:00+00:00,23040.0
2021-06-01 23:00:00+00:00,23044.0
2021-06-02 23:00:00+00:00,23040.0
2021-06-03 23:00:00+00:00,23041.0
2021-06-06 23:00:00+00:00,23044.0
2021-06-07 23:00:00+00:00,23000.0
2021-06-08 23:00:00+00:00,22952.0
2021-06-09 23:00:00+00:00,22955.0
2021-06-10 23:00:00+00:00,22947.0
2021-06-13 23:00:00+00:00,22945.0
2021-06-14 23:00:00+00:00,22944.0
2021-06-15 23:00:00+00:00,22947.0
2021-06-16 23:00:00+00:00,22946.0
2021-06-17 23:00:00+00:00,22960.0
2021-06-20 23:00:00+00:00,22995.0
2021-06-21 23:00:00+00:00,23014.0
2021-06-22 23:00:00+00:00,23025.0
2021-06-23 23:00:00+00:00,23020.0
2021-06-24 23:00:00+00:00,23003.0
2021-06-27 23:00:00+00:00,22700.0546875
2021-06-28 23:00:00+00:00,23020.0
2021-06-29 23:00:00+00:00,23020.0
2021-06-30 23:00:00+00:00,23014.0
2021-07-01 23:00:00+00:00,23010.0
2021-07-04 23:00:00+00:00,22590.8125
2021-07-05 23:00:00+00:00,22996.0
2021-07-06 23:00:00+00:00,23007.0
2021-07-07 23:00:00+00:00,23015.0
2021-07-08 23:00:00+00:00,23007.0
2021-07-11 23:00:00+00:00,22626.92578125
2021-07-12 23:00:00+00:00,23020.0
2021-07-13 23:00:00+00:00,23010.0
2021-07-14 23:00:00+00:00,23011.0
2021-07-15 23:00:00+00:00,23009.0
2021-07-18 23:00:00+00:00,22667.59375
2021-07-19 23:00:00+00:00,23020.0
2021-07-20 23:00:00+00:00,23026.0
2021-07-21 23:00:00+00:00,23022.0
2021-07-22 23:00:00+00:00,23010.0
2021-07-25 23:00:00+00:00,22652.552734375
2021-07-26 23:00:00+00:00,23008.0
2021-07-27 23:00:00+00:00,23005.0
2021-07-28 23:00:00+00:00,22999.0
2021-07-29 23:00:00+00:00,22965.0
2021-08-01 23:00:00+00:00,22950.0
2021-08-02 23:00:00+00:00,22950.0
2021-08-03 23:00:00+00:00,22950.0
2021-08-04 23:00:00+00:00,22945.0
2021-08-05 23:00:00+00:00,22936.0
2021-08-08 23:00:00+00:00,22672.322265625
2021-08-09 23:00:00+00:00,22925.0
2021-08-10 23:00:00+00:00,22887.0
2021-08-11 23:00:00+00:00,22809.0
2021-08-12 23:00:00+00:00,22805.0
2021-08-15 23:00:00+00:00,22830.0
2021-08-16 23:00:00+00:00,22830.0
2021-08-17 23:00:00+00:00,22830.0
2021-08-18 23:00:00+00:00,22807.0
2021-08-19 23:00:00+00:00,22812.0
2021-08-22 23:00:00+00:00,22451.056640625
2021-08-23 23:00:00+00:00,22825.0
2021-08-24 23:00:00+00:00,22820.0
2021-08-25 23:00:00+00:00,22790.0
2021-08-26 23:00:00+00:00,22785.0
2021-08-29 23:00:00+00:00,22789.0
2021-08-30 23:00:00+00:00,22775.0
2021-08-31 23:00:00+00:00,22775.0
2021-09-01 23:00:00+00:00,22760.0
2021-09-02 23:00:00+00:00,22760.0
2021-09-05 23:00:00+00:00,22760.0
2021-09-06 23:00:00+00:00,22760.0
2021-09-07 23:00:00+00:00,22758.0
2021-09-08 23:00:00+00:00,22757.0
2021-09-09 23:00:00+00:00,22765.0
2021-09-12 23:00:00+00:00,22757.0
2021-09-13 23:00:00+00:00,22759.0
2021-09-14 23:00:00+00:00,22759.0
2021-09-15 23:00:00+00:00,22758.0
2021-09-16 23:00:00+00:00,22753.0
2021-09-19 23:00:00+00:00,22770.0
2021-09-20 23:00:00+00:00,22769.0
2021-09-21 23:00:00+00:00,22755.0
2021-09-22 23:00:00+00:00,22760.0
2021-09-23 23:00:00+00:00,22762.0
2021-09-26 23:00:00+00:00,22760.0
2021-09-27 23:00:00+00:00,22766.0
2021-09-28 23:00:00+00:00,22761.0
2021-09-29 23:00:00+00:00,22753.0
2021-09-30 23:00:00+00:00,22750.0
2021-10-03 23:00:00+00:00,22757.0
2021-10-04 23:00:00+00:00,22757.0
2021-10-05 23:00:00+00:00,22754.0
2021-10-06 23:00:00+00:00,22750.0
2021-10-07 23:00:00+00:00,22750.0
2021-10-10 23:00:00+00:00,22399.798828125
2021-10-11 23:00:00+00:00,22750.0
2021-10-12 23:00:00+00:00,22757.0
2021-10-13 23:00:00+00:00,22757.0
2021-10-14 23:00:00+00:00,22757.0
2021-10-17 23:00:00+00:00,22758.0
2021-10-18 23:00:00+00:00,22758.0
2021-10-19 23:00:00+00:00,22755.0
2021-10-20 23:00:00+00:00,22755.0
2021-10-21 23:00:00+00:00,22750.0
2021-10-24 23:00:00+00:00,22394.345703125
2021-10-25 23:00:00+00:00,22745.0
2021-10-26 23:00:00+00:00,22757.0
2021-10-27 23:00:00+00:00,22755.0
2021-10-28 23:00:00+00:00,22750.0
2021-11-01 00:00:00+00:00,22750.0
2021-11-02 00:00:00+00:00,22750.0
2021-11-03 00:00:00+00:00,22748.0
2021-11-04 00:00:00+00:00,22747.0
2021-11-05 00:00:00+00:00,22680.0
2021-11-08 00:00:00+00:00,22680.0
2021-11-09 00:00:00+00:00,22660.0
2021-11-10 00:00:00+00:00,22662.0
2021-11-11 00:00:00+00:00,22660.0
2021-11-12 00:00:00+00:00,22645.0
2021-11-15 00:00:00+00:00,22640.0
2021-11-16 00:00:00+00:00,22645.0
2021-11-17 00:00:00+00:00,22650.0
2021-11-18 00:00:00+00:00,22648.0
2021-11-19 00:00:00+00:00,22650.0
2021-11-22 00:00:00+00:00,22657.0
2021-11-23 00:00:00+00:00,22670.0
2021-11-24 00:00:00+00:00,22675.0
2021-11-25 00:00:00+00:00,22680.0
2021-11-26 00:00:00+00:00,22670.0
2021-11-29 00:00:00+00:00,22678.0
2021-11-30 00:00:00+00:00,22690.0
2021-12-01 00:00:00+00:00,22688.0
2021-12-02 00:00:00+00:00,22710.0
2021-12-03 00:00:00+00:00,22730.0
2021-12-06 00:00:00+00:00,22830.0
2021-12-07 00:00:00+00:00,23020.0
2021-12-08 00:00:00+00:00,23070.0
2021-12-09 00:00:00+00:00,22920.0
2021-12-10 00:00:00+00:00,22980.0
2021-12-13 00:00:00+00:00,23025.0
2021-12-14 00:00:00+00:00,22975.0
2021-12-15 00:00:00+00:00,23000.0
2021-12-16 00:00:00+00:00,23030.0
2021-12-17 00:00:00+00:00,22990.0
2021-12-20 00:00:00+00:00,22980.0
2021-12-21 00:00:00+00:00,22928.0
2021-12-22 00:00:00+00:00,22933.0
2021-12-23 00:00:00+00:00,22955.0
2021-12-24 00:00:00+00:00,22950.0
2021-12-27 00:00:00+00:00,22840.0
2021-12-28 00:00:00+00:00,22810.0
2021-12-29 00:00:00+00:00,22835.0
2021-12-30 00:00:00+00:00,22820.0
2021-12-31 00:00:00+00:00,22765.0
2022-01-03 00:00:00+00:00,22825.0
2022-01-04 00:00:00+00:00,22825.0
2022-01-05 00:00:00+00:00,22752.0
2022-01-06 00:00:00+00:00,22755.0
2022-01-07 00:00:00+00:00,22745.0
2022-01-10 00:00:00+00:00,22685.0
2022-01-11 00:00:00+00:00,22695.0
2022-01-12 00:00:00+00:00,22698.0
2022-01-13 00:00:00+00:00,22698.0
2022-01-14 00:00:00+00:00,22710.0
2022-01-17 00:00:00+00:00,22710.0
2022-01-18 00:00:00+00:00,22720.0
2022-01-19 00:00:00+00:00,22750.0
2022-01-20 00:00:00+00:00,22700.0
2022-01-21 00:00:00+00:00,22645.0
2022-01-24 00:00:00+00:00,22625.0
2022-01-25 00:00:00+00:00,22675.0
2022-01-26 00:00:00+00:00,22630.0
2022-01-27 00:00:00+00:00,22630.0
2022-01-28 00:00:00+00:00,22630.0
2022-01-31 00:00:00+00:00,22645.0
2022-02-01 00:00:00+00:00,22645.0
2022-02-02 00:00:00+00:00,22645.0
2022-02-03 00:00:00+00:00,22645.0
2022-02-04 00:00:00+00:00,22645.0
2022-02-07 00:00:00+00:00,22645.0
2022-02-08 00:00:00+00:00,22665.0
2022-02-09 00:00:00+00:00,22715.0
2022-02-10 00:00:00+00:00,22680.0
2022-02-11 00:00:00+00:00,22680.0
2022-02-14 00:00:00+00:00,22685.0
2022-02-15 00:00:00+00:00,22725.0
2022-02-16 00:00:00+00:00,22750.0
2022-02-17 00:00:00+00:00,22750.0
2022-02-18 00:00:00+00:00,22785.0
2022-02-21 00:00:00+00:00,22820.0
2022-02-22 00:00:00+00:00,22800.0
2022-02-23 00:00:00+00:00,22815.0
2022-02-24 00:00:00+00:00,22825.0
2022-02-25 00:00:00+00:00,22840.0
2022-02-28 00:00:00+00:00,22820.0
2022-03-01 00:00:00+00:00,22805.0
2022-03-02 00:00:00+00:00,22815.0
2022-03-03 00:00:00+00:00,22840.0
2022-03-04 00:00:00+00:00,22835.0
2022-03-07 00:00:00+00:00,22830.0
2022-03-08 00:00:00+00:00,22845.0
2022-03-09 00:00:00+00:00,22845.0
2022-03-10 00:00:00+00:00,22835.0
2022-03-11 00:00:00+00:00,22835.0
2022-03-14 00:00:00+00:00,22873.0
2022-03-15 00:00:00+00:00,22890.0
2022-03-16 00:00:00+00:00,22880.0
2022-03-17 00:00:00+00:00,22879.0
2022-03-18 00:00:00+00:00,22865.0
2022-03-21 00:00:00+00:00,22860.0
2022-03-22 00:00:00+00:00,22860.0
2022-03-23 00:00:00+00:00,22870.0
2022-03-24 00:00:00+00:00,22872.0
2022-03-25 00:00:00+00:00,22869.0
2022-03-27 23:00:00+00:00,22861.0
2022-03-28 23:00:00+00:00,22860.0
2022-03-29 23:00:00+00:00,22865.0
2022-03-30 23:00:00+00:00,22854.0
2022-03-31 23:00:00+00:00,22838.0
2022-04-03 23:00:00+00:00,22837.0
2022-04-04 23:00:00+00:00,22846.0
2022-04-05 23:00:00+00:00,22873.0
2022-04-06 23:00:00+00:00,22866.0
2022-04-07 23:00:00+00:00,22859.0
2022-04-10 23:00:00+00:00,22860.0
2022-04-11 23:00:00+00:00,22860.0
2022-04-12 23:00:00+00:00,22888.0
2022-04-13 23:00:00+00:00,22887.0
2022-04-14 23:00:00+00:00,22900.0
2022-04-17 23:00:00+00:00,22899.0
2022-04-18 23:00:00+00:00,22890.0
2022-04-19 23:00:00+00:00,22955.0
2022-04-20 23:00:00+00:00,22962.0
2022-04-21 23:00:00+00:00,22962.0
2022-04-24 23:00:00+00:00,22965.0
2022-04-25 23:00:00+00:00,22983.0
2022-04-26 23:00:00+00:00,22970.0
2022-04-27 23:00:00+00:00,22965.0
2022-04-28 23:00:00+00:00,22956.0
2022-05-01 23:00:00+00:00,22962.0
2022-05-02 23:00:00+00:00,22962.0
2022-05-03 23:00:00+00:00,22962.0
2022-05-04 23:00:00+00:00,22966.0
2022-05-05 23:00:00+00:00,22955.0
2022-05-08 23:00:00+00:00,22955.0
2022-05-09 23:00:00+00:00,22950.0
2022-05-10 23:00:00+00:00,22941.0
2022-05-11 23:00:00+00:00,23050.0
2022-05-12 23:00:00+00:00,23096.0
2022-05-15 23:00:00+00:00,23086.0
2022-05-16 23:00:00+00:00,23095.0
2022-05-17 23:00:00+00:00,23120.0
2022-05-18 23:00:00+00:00,23139.0
2022-05-19 23:00:00+00:00,23140.0
2022-05-22 23:00:00+00:00,23160.0
2022-05-23 23:00:00+00:00,23170.0
2022-05-24 23:00:00+00:00,23210.0
2022-05-25 23:00:00+00:00,23190.0
2022-05-26 23:00:00+00:00,23205.0
2022-05-29 23:00:00+00:00,23195.0
2022-05-30 23:00:00+00:00,23176.0
2022-05-31 23:00:00+00:00,23185.0
2022-06-01 23:00:00+00:00,23196.0
2022-06-02 23:00:00+00:00,23193.0
2022-06-05 23:00:00+00:00,23187.0
2022-06-06 23:00:00+00:00,23180.0
2022-06-07 23:00:00+00:00,23185.0
2022-06-08 23:00:00+00:00,23187.0
2022-06-09 23:00:00+00:00,23155.0
2022-06-12 23:00:00+00:00,23177.0
2022-06-13 23:00:00+00:00,23195.0
2022-06-14 23:00:00+00:00,23210.0
2022-06-15 23:00:00+00:00,23230.0
2022-06-16 23:00:00+00:00,23232.0
2022-06-19 23:00:00+00:00,23220.0
2022-06-20 23:00:00+00:00,23230.0
2022-06-21 23:00:00+00:00,23226.0
2022-06-22 23:00:00+00:00,23235.0
2022-06-23 23:00:00+00:00,23244.0
2022-06-26 23:00:00+00:00,23247.0
2022-06-27 23:00:00+00:00,23245.0
2022-06-28 23:00:00+00:00,23255.0
2022-06-29 23:00:00+00:00,23265.0
2022-06-30 23:00:00+00:00,23255.0
2022-07-03 23:00:00+00:00,23300.0
2022-07-04 23:00:00+00:00,23335.0
2022-07-05 23:00:00+00:00,23360.0
2022-07-06 23:00:00+00:00,23373.0
2022-07-07 23:00:00+00:00,23350.0
2022-07-10 23:00:00+00:00,23355.0
2022-07-11 23:00:00+00:00,23347.0
2022-07-12 23:00:00+00:00,23389.0
2022-07-13 23:00:00+00:00,23388.0
2022-07-14 23:00:00+00:00,23415.0
2022-07-17 23:00:00+00:00,23450.0
2022-07-18 23:00:00+00:00,23440.0
2022-07-19 23:00:00+00:00,23412.0
2022-07-20 23:00:00+00:00,23410.0
2022-07-21 23:00:00+00:00,23410.0
2022-07-24 23:00:00+00:00,23400.0
2022-07-25 23:00:00+00:00,23385.0
2022-07-26 23:00:00+00:00,23370.0
2022-07-27 23:00:00+00:00,23375.0
2022-07-28 23:00:00+00:00,23358.0
2022-07-31 23:00:00+00:00,23335.0
2022-08-01 23:00:00+00:00,23355.0
2022-08-02 23:00:00+00:00,23353.0
2022-08-03 23:00:00+00:00,23394.0
2022-08-04 23:00:00+00:00,23393.0
2022-08-07 23:00:00+00:00,23385.0
2022-08-08 23:00:00+00:00,23388.0
2022-08-09 23:00:00+00:00,23385.0
2022-08-10 23:00:00+00:00,23385.0
2022-08-11 23:00:00+00:00,23390.0
2022-08-14 23:00:00+00:00,23392.0
2022-08-15 23:00:00+00:00,23400.0
2022-08-16 23:00:00+00:00,23403.0
2022-08-17 23:00:00+00:00,23401.0
2022-08-18 23:00:00+00:00,23401.0
2022-08-21 23:00:00+00:00,23400.0
2022-08-22 23:00:00+00:00,23410.0
2022-08-23 23:00:00+00:00,23430.0
2022-08-24 23:00:00+00:00,23425.0
2022-08-25 23:00:00+00:00,23423.0
2022-08-28 23:00:00+00:00,23412.0
2022-08-29 23:00:00+00:00,23430.0
2022-08-30 23:00:00+00:00,23415.0
2022-08-31 23:00:00+00:00,23450.0
2022-09-01 23:00:00+00:00,23450.0
2022-09-04 23:00:00+00:00,23450.0
2022-09-05 23:00:00+00:00,23505.0
2022-09-06 23:00:00+00:00,23520.0
2022-09-07 23:00:00+00:00,23580.0
2022-09-08 23:00:00+00:00,23542.0
2022-09-11 23:00:00+00:00,23515.0
2022-09-12 23:00:00+00:00,23520.0
2022-09-13 23:00:00+00:00,23553.0
2022-09-14 23:00:00+00:00,23590.0
2022-09-15 23:00:00+00:00,23620.0
2022-09-18 23:00:00+00:00,23650.0
2022-09-19 23:00:00+00:00,23670.0
2022-09-20 23:00:00+00:00,23670.0
2022-09-21 23:00:00+00:00,23690.0
2022-09-22 23:00:00+00:00,23700.0
2022-09-25 23:00:00+00:00,23700.0
2022-09-26 23:00:00+00:00,23715.0
2022-09-27 23:00:00+00:00,23730.0
2022-09-28 23:00:00+00:00,23730.0
2022-09-29 23:00:00+00:00,23820.0
2022-10-02 23:00:00+00:00,23855.0
2022-10-03 23:00:00+00:00,23880.0
2022-10-04 23:00:00+00:00,23875.0
2022-10-05 23:00:00+00:00,23865.0
2022-10-06 23:00:00+00:00,23870.0
2022-10-09 23:00:00+00:00,23875.0
2022-10-10 23:00:00+00:00,23870.0
2022-10-11 23:00:00+00:00,23925.0
2022-10-12 23:00:00+00:00,23945.0
2022-10-13 23:00:00+00:00,24120.0
2022-10-16 23:00:00+00:00,24110.0
2022-10-17 23:00:00+00:00,24310.0
2022-10-18 23:00:00+00:00,24430.0
2022-10-19 23:00:00+00:00,24450.0
2022-10-20 23:00:00+00:00,24530.0
2022-10-23 23:00:00+00:00,24820.0
2022-10-24 23:00:00+00:00,24830.0
2022-10-25 23:00:00+00:00,24840.0
2022-10-26 23:00:00+00:00,24830.0
2022-10-27 23:00:00+00:00,24830.0
2022-10-31 00:00:00+00:00,24820.0
2022-11-01 00:00:00+00:00,24840.0
2022-11-02 00:00:00+00:00,24850.0
2022-11-03 00:00:00+00:00,24835.0
2022-11-04 00:00:00+00:00,24860.0
2022-11-07 00:00:00+00:00,24870.0
2022-11-08 00:00:00+00:00,24870.0
2022-11-09 00:00:00+00:00,24871.0
2022-11-10 00:00:00+00:00,24862.0
2022-11-11 00:00:00+00:00,24865.0
2022-11-14 00:00:00+00:00,24805.0
2022-11-15 00:00:00+00:00,24735.0
2022-11-16 00:00:00+00:00,24765.0
2022-11-17 00:00:00+00:00,24775.0
2022-11-18 00:00:00+00:00,24805.0
2022-11-21 00:00:00+00:00,24800.0
2022-11-22 00:00:00+00:00,24835.0
2022-11-23 00:00:00+00:00,24850.0
2022-11-24 00:00:00+00:00,24844.0
2022-11-25 00:00:00+00:00,24833.0
2022-11-28 00:00:00+00:00,24760.0
2022-11-29 00:00:00+00:00,24770.0
2022-11-30 00:00:00+00:00,24750.0
2022-12-01 00:00:00+00:00,24630.0
2022-12-02 00:00:00+00:00,24500.0
2022-12-05 00:00:00+00:00,24350.0
2022-12-06 00:00:00+00:00,23980.0
2022-12-07 00:00:00+00:00,23980.0
2022-12-08 00:00:00+00:00,23900.0
2022-12-09 00:00:00+00:00,23780.0
2022-12-12 00:00:00+00:00,23550.0
2022-12-13 00:00:00+00:00,23680.0
2022-12-14 00:00:00+00:00,23600.0
2022-12-15 00:00:00+00:00,23520.0
2022-12-16 00:00:00+00:00,23500.0
2022-12-19 00:00:00+00:00,23580.0
2022-12-20 00:00:00+00:00,23700.0
2022-12-21 00:00:00+00:00,23730.0
2022-12-22 00:00:00+00:00,23700.0
2022-12-23 00:00:00+00:00,23630.0
2022-12-26 00:00:00+00:00,23560.0
2022-12-27 00:00:00+00:00,23590.0
2022-12-28 00:00:00+00:00,23580.0
2022-12-29 00:00:00+00:00,23620.0
2022-12-30 00:00:00+00:00,23600.0
2023-01-02 00:00:00+00:00,23610.0
2023-01-03 00:00:00+00:00,23610.0
2023-01-04 00:00:00+00:00,23515.0
2023-01-05 00:00:00+00:00,23510.0
2023-01-06 00:00:00+00:00,23475.0
2023-01-09 00:00:00+00:00,23460.0
2023-01-10 00:00:00+00:00,23447.0
2023-01-11 00:00:00+00:00,23445.0
2023-01-12 00:00:00+00:00,23440.0
2023-01-13 00:00:00+00:00,23438.0
2023-01-16 00:00:00+00:00,23435.0
2023-01-17 00:00:00+00:00,23434.0
2023-01-18 00:00:00+00:00,23427.0
2023-01-19 00:00:00+00:00,23437.0
2023-01-20 00:00:00+00:00,23440.0
2023-01-23 00:00:00+00:00,23440.0
2023-01-24 00:00:00+00:00,23440.0
2023-01-25 00:00:00+00:00,23440.0
2023-01-26 00:00:00+00:00,23440.0
2023-01-27 00:00:00+00:00,23440.0
2023-01-30 00:00:00+00:00,23460.0
2023-01-31 00:00:00+00:00,23470.0
2023-02-01 00:00:00+00:00,23445.0
2023-02-02 00:00:00+00:00,23440.0
2023-02-03 00:00:00+00:00,23449.0
2023-02-06 00:00:00+00:00,23440.0
2023-02-07 00:00:00+00:00,23480.0
2023-02-08 00:00:00+00:00,23600.0
2023-02-09 00:00:00+00:00,23590.0
2023-02-10 00:00:00+00:00,23560.0
2023-02-13 00:00:00+00:00,23565.0
2023-02-14 00:00:00+00:00,23595.0
2023-02-15 00:00:00+00:00,23600.0
2023-02-16 00:00:00+00:00,23615.0
2023-02-17 00:00:00+00:00,23680.0
2023-02-20 00:00:00+00:00,23810.0
2023-02-21 00:00:00+00:00,23725.0
2023-02-22 00:00:00+00:00,23705.0
2023-02-23 00:00:00+00:00,23780.0
2023-02-24 00:00:00+00:00,23815.0
2023-02-27 00:00:00+00:00,23780.0
2023-02-28 00:00:00+00:00,23805.0
2023-03-01 00:00:00+00:00,23740.0
2023-03-02 00:00:00+00:00,23710.0
2023-03-03 00:00:00+00:00,23700.0
2023-03-06 00:00:00+00:00,23710.0
2023-03-07 00:00:00+00:00,23650.0
2023-03-08 00:00:00+00:00,23640.0
2023-03-09 00:00:00+00:00,23710.0
2023-03-10 00:00:00+00:00,23680.0
2023-03-13 00:00:00+00:00,23660.0
2023-03-14 00:00:00+00:00,23570.0
2023-03-15 00:00:00+00:00,23570.0
2023-03-16 00:00:00+00:00,23565.0
2023-03-17 00:00:00+00:00,23560.0
2023-03-20 00:00:00+00:00,23570.0
2023-03-21 00:00:00+00:00,23570.0
2023-03-22 00:00:00+00:00,23570.0
2023-03-23 00:00:00+00:00,23510.0
2023-03-24 00:00:00+00:00,23490.0
2023-03-26 23:00:00+00:00,23510.0
2023-03-27 23:00:00+00:00,23500.0
2023-03-28 23:00:00+00:00,23480.0
2023-03-29 23:00:00+00:00,23480.0
2023-03-30 23:00:00+00:00,23470.0
2023-04-02 23:00:00+00:00,23450.0
2023-04-03 23:00:00+00:00,23470.0
2023-04-04 23:00:00+00:00,23460.0
2023-04-05 23:00:00+00:00,23465.0
2023-04-06 23:00:00+00:00,23451.0
2023-04-09 23:00:00+00:00,23442.0
2023-04-10 23:00:00+00:00,23442.0
2023-04-11 23:00:00+00:00,23445.0
2023-04-12 23:00:00+00:00,23442.0
2023-04-13 23:00:00+00:00,23440.0
2023-04-16 23:00:00+00:00,23440.0
2023-04-17 23:00:00+00:00,23485.0
2023-04-18 23:00:00+00:00,23505.0
2023-04-19 23:00:00+00:00,23511.0
2023-04-20 23:00:00+00:00,23488.0
2023-04-23 23:00:00+00:00,23485.0
2023-04-24 23:00:00+00:00,23494.0
2023-04-25 23:00:00+00:00,23473.0
2023-04-26 23:00:00+00:00,23465.0
2023-04-27 23:00:00+00:00,23445.0
2023-04-30 23:00:00+00:00,23450.0
2023-05-01 23:00:00+00:00,23450.0
2023-05-02 23:00:00+00:00,23450.0
2023-05-03 23:00:00+00:00,23450.0
2023-05-04 23:00:00+00:00,23445.0
2023-05-07 23:00:00+00:00,23440.0
2023-05-08 23:00:00+00:00,23443.0
2023-05-09 23:00:00+00:00,23460.0
2023-05-10 23:00:00+00:00,23465.0
2023-05-11 23:00:00+00:00,23465.0
2023-05-14 23:00:00+00:00,23450.0
2023-05-15 23:00:00+00:00,23452.0
2023-05-16 23:00:00+00:00,23450.0
2023-05-17 23:00:00+00:00,23450.0
2023-05-18 23:00:00+00:00,23450.0
2023-05-21 23:00:00+00:00,23460.0
2023-05-22 23:00:00+00:00,23438.0
2023-05-23 23:00:00+00:00,23470.0
2023-05-24 23:00:00+00:00,23470.0
2023-05-25 23:00:00+00:00,23470.0
2023-05-28 23:00:00+00:00,23475.0
2023-05-29 23:00:00+00:00,23465.0
2023-05-30 23:00:00+00:00,23480.0
2023-05-31 23:00:00+00:00,23485.0
2023-06-01 23:00:00+00:00,23485.0
2023-06-04 23:00:00+00:00,23475.0
2023-06-05 23:00:00+00:00,23495.0
2023-06-06 23:00:00+00:00,23485.0
2023-06-07 23:00:00+00:00,23485.0
2023-06-08 23:00:00+00:00,23490.0
2023-06-11 23:00:00+00:00,23470.0
2023-06-12 23:00:00+00:00,23480.0
2023-06-13 23:00:00+00:00,23495.0
2023-06-14 23:00:00+00:00,23500.0
2023-06-15 23:00:00+00:00,23525.0
2023-06-18 23:00:00+00:00,23520.0
2023-06-19 23:00:00+00:00,23520.0
2023-06-20 23:00:00+00:00,23520.0
2023-06-21 23:00:00+00:00,23505.0
2023-06-22 23:00:00+00:00,23515.0
2023-06-25 23:00:00+00:00,23515.0
2023-06-26 23:00:00+00:00,23530.0
2023-06-27 23:00:00+00:00,23520.0
2023-06-28 23:00:00+00:00,23555.0
2023-06-29 23:00:00+00:00,23569.0
2023-07-02 23:00:00+00:00,23575.0
2023-07-03 23:00:00+00:00,23695.0
2023-07-04 23:00:00+00:00,23700.0
2023-07-05 23:00:00+00:00,23745.0
2023-07-06 23:00:00+00:00,23710.0
2023-07-09 23:00:00+00:00,23635.0
2023-07-10 23:00:00+00:00,23640.0
2023-07-11 23:00:00+00:00,23690.0
2023-07-12 23:00:00+00:00,23660.0
2023-07-13 23:00:00+00:00,23665.0
2023-07-16 23:00:00+00:00,23630.0
2023-07-17 23:00:00+00:00,23630.0
2023-07-18 23:00:00+00:00,23635.0
2023-07-19 23:00:00+00:00,23630.0
2023-07-20 23:00:00+00:00,23647.0
2023-07-23 23:00:00+00:00,23656.0
2023-07-24 23:00:00+00:00,23665.0
2023-07-25 23:00:00+00:00,23655.0
2023-07-26 23:00:00+00:00,23665.0
2023-07-27 23:00:00+00:00,23661.0
2023-07-30 23:00:00+00:00,23685.0
2023-07-31 23:00:00+00:00,23680.0
2023-08-01 23:00:00+00:00,23680.0
2023-08-02 23:00:00+00:00,23735.0
2023-08-03 23:00:00+00:00,23750.0
2023-08-06 23:00:00+00:00,23725.0
2023-08-07 23:00:00+00:00,23720.0
2023-08-08 23:00:00+00:00,23730.0
2023-08-09 23:00:00+00:00,23735.0
2023-08-10 23:00:00+00:00,23740.0
2023-08-13 23:00:00+00:00,23750.0
2023-08-14 23:00:00+00:00,23815.0
2023-08-15 23:00:00+00:00,23965.0
2023-08-16 23:00:00+00:00,23935.0
2023-08-17 23:00:00+00:00,23850.0
2023-08-20 23:00:00+00:00,23850.0
2023-08-21 23:00:00+00:00,23850.0
2023-08-22 23:00:00+00:00,23850.0
2023-08-23 23:00:00+00:00,23900.0
2023-08-24 23:00:00+00:00,23900.0
2023-08-27 23:00:00+00:00,23975.0
2023-08-28 23:00:00+00:00,24080.0
2023-08-29 23:00:00+00:00,24180.0
2023-08-30 23:00:00+00:00,24110.0
2023-08-31 23:00:00+00:00,24060.0
2023-09-03 23:00:00+00:00,24060.0
2023-09-04 23:00:00+00:00,24060.0
2023-09-05 23:00:00+00:00,24050.0
2023-09-06 23:00:00+00:00,24055.0
2023-09-07 23:00:00+00:00,24060.0
2023-09-10 23:00:00+00:00,24055.0
2023-09-11 23:00:00+00:00,24075.0
2023-09-12 23:00:00+00:00,24100.0
2023-09-13 23:00:00+00:00,24080.0
2023-09-14 23:00:00+00:00,24220.0
2023-09-17 23:00:00+00:00,24250.0
2023-09-18 23:00:00+00:00,24370.0
2023-09-19 23:00:00+00:00,24370.0
2023-09-20 23:00:00+00:00,24270.0
2023-09-21 23:00:00+00:00,24310.0
2023-09-24 23:00:00+00:00,24360.0
2023-09-25 23:00:00+00:00,24380.0
2023-09-26 23:00:00+00:00,24380.0
2023-09-27 23:00:00+00:00,24385.0
2023-09-28 23:00:00+00:00,24385.0
2023-10-01 23:00:00+00:00,24280.0
2023-10-02 23:00:00+00:00,24340.0
2023-10-03 23:00:00+00:00,24385.0
2023-10-04 23:00:00+00:00,24420.0
2023-10-05 23:00:00+00:00,24380.0
2023-10-08 23:00:00+00:00,24360.0
2023-10-09 23:00:00+00:00,24370.0
2023-10-10 23:00:00+00:00,24390.0
2023-10-11 23:00:00+00:00,24440.0
2023-10-12 23:00:00+00:00,24435.0
2023-10-15 23:00:00+00:00,24440.0
2023-10-16 23:00:00+00:00,24460.0
2023-10-17 23:00:00+00:00,24490.0
2023-10-18 23:00:00+00:00,24555.0
2023-10-19 23:00:00+00:00,24550.0
2023-10-22 23:00:00+00:00,24520.0
2023-10-23 23:00:00+00:00,24590.0
2023-10-24 23:00:00+00:00,24550.0
2023-10-25 23:00:00+00:00,24560.0
2023-10-26 23:00:00+00:00,24604.0
2023-10-30 00:00:00+00:00,24570.0
2023-10-31 00:00:00+00:00,24558.0
2023-11-01 00:00:00+00:00,24560.0
2023-11-02 00:00:00+00:00,24585.0
2023-11-03 00:00:00+00:00,24570.0
2023-11-06 00:00:00+00:00,24520.0
2023-11-07 00:00:00+00:00,24335.0
2023-11-08 00:00:00+00:00,24310.0
2023-11-09 00:00:00+00:00,24370.0
2023-11-10 00:00:00+00:00,24340.0
2023-11-13 00:00:00+00:00,24315.0
2023-11-14 00:00:00+00:00,24381.0
2023-11-15 00:00:00+00:00,24376.0
2023-11-16 00:00:00+00:00,24286.0
2023-11-17 00:00:00+00:00,24288.0
2023-11-20 00:00:00+00:00,24250.0
2023-11-21 00:00:00+00:00,24170.0
2023-11-22 00:00:00+00:00,24130.0
2023-11-23 00:00:00+00:00,24205.0
2023-11-24 00:00:00+00:00,24240.0
2023-11-27 00:00:00+00:00,24260.0
2023-11-28 00:00:00+00:00,24230.0
2023-11-29 00:00:00+00:00,24240.0
2023-11-30 00:00:00+00:00,24260.0
2023-12-01 00:00:00+00:00,24250.0
2023-12-04 00:00:00+00:00,24270.0
2023-12-05 00:00:00+00:00,24250.0
2023-12-06 00:00:00+00:00,24266.0
2023-12-07 00:00:00+00:00,24274.0
2023-12-08 00:00:00+00:00,24275.0
2023-12-11 00:00:00+00:00,24220.0
2023-12-12 00:00:00+00:00,24250.0
2023-12-13 00:00:00+00:00,24260.0
2023-12-14 00:00:00+00:00,24279.0
2023-12-15 00:00:00+00:00,24245.0
2023-12-18 00:00:00+00:00,24260.0
2023-12-19 00:00:00+00:00,24350.0
2023-12-20 00:00:00+00:00,24350.0
2023-12-21 00:00:00+00:00,24335.0
2023-12-22 00:00:00+00:00,24320.0
2023-12-25 00:00:00+00:00,24235.0
2023-12-26 00:00:00+00:00,24230.0
2023-12-27 00:00:00+00:00,24325.0
2023-12-28 00:00:00+00:00,24345.0
2023-12-29 00:00:00+00:00,24235.0
2024-01-01 00:00:00+00:00,24260.0
2024-01-02 00:00:00+00:00,24260.0
2024-01-03 00:00:00+00:00,24325.0
2024-01-04 00:00:00+00:00,24370.0
2024-01-05 00:00:00+00:00,24360.0
2024-01-08 00:00:00+00:00,24370.0
2024-01-09 00:00:00+00:00,24330.0
2024-01-10 00:00:00+00:00,24360.0
2024-01-11 00:00:00+00:00,24405.0
2024-01-12 00:00:00+00:00,24475.0
2024-01-15 00:00:00+00:00,24490.0
2024-01-16 00:00:00+00:00,24470.0
2024-01-17 00:00:00+00:00,24500.0
2024-01-18 00:00:00+00:00,24500.0
2024-01-19 00:00:00+00:00,24545.0
2024-01-22 00:00:00+00:00,24540.0
2024-01-23 00:00:00+00:00,24550.0
2024-01-24 00:00:00+00:00,24565.0
2024-01-25 00:00:00+00:00,24600.0
2024-01-26 00:00:00+00:00,24605.0
2024-01-29 00:00:00+00:00,24595.0
2024-01-30 00:00:00+00:00,24530.0
2024-01-31 00:00:00+00:00,24395.0
2024-02-01 00:00:00+00:00,24415.0
2024-02-02 00:00:00+00:00,24400.0
2024-02-05 00:00:00+00:00,24335.0
2024-02-06 00:00:00+00:00,24370.0
2024-02-07 00:00:00+00:00,24355.0
2024-02-08 00:00:00+00:00,24400.0
2024-02-09 00:00:00+00:00,24400.0
2024-02-12 00:00:00+00:00,24400.0
2024-02-13 00:00:00+00:00,24400.0
2024-02-14 00:00:00+00:00,24400.0
2024-02-15 00:00:00+00:00,24400.0
2024-02-16 00:00:00+00:00,24450.0
2024-02-19 00:00:00+00:00,24510.0
2024-02-20 00:00:00+00:00,24530.0
2024-02-21 00:00:00+00:00,24525.0
2024-02-22 00:00:00+00:00,24525.0
2024-02-23 00:00:00+00:00,24590.0
2024-02-26 00:00:00+00:00,24630.0
2024-02-27 00:00:00+00:00,24660.0
2024-02-28 00:00:00+00:00,24625.0
2024-02-29 00:00:00+00:00,24620.0
2024-03-01 00:00:00+00:00,24640.0
2024-03-04 00:00:00+00:00,24640.0
2024-03-05 00:00:00+00:00,24676.0
2024-03-06 00:00:00+00:00,24690.0
2024-03-07 00:00:00+00:00,24665.0
2024-03-08 00:00:00+00:00,24680.0
2024-03-11 00:00:00+00:00,24640.0
2024-03-12 00:00:00+00:00,24635.0
2024-03-13 00:00:00+00:00,24645.0
2024-03-14 00:00:00+00:00,24675.0
2024-03-15 00:00:00+00:00,24690.0
2024-03-18 00:00:00+00:00,24720.0
2024-03-19 00:00:00+00:00,24715.0
2024-03-20 00:00:00+00:00,24740.0
2024-03-21 00:00:00+00:00,24775.0
2024-03-22 00:00:00+00:00,24785.0
2024-03-25 00:00:00+00:00,24768.0
2024-03-26 00:00:00+00:00,24740.0
2024-03-27 00:00:00+00:00,24770.0
2024-03-28 00:00:00+00:00,24785.0
2024-03-29 00:00:00+00:00,24790.0
2024-03-31 23:00:00+00:00,24810.0
2024-04-01 23:00:00+00:00,24795.0
2024-04-02 23:00:00+00:00,24900.0
2024-04-03 23:00:00+00:00,25000.0
2024-04-04 23:00:00+00:00,24935.0
2024-04-07 23:00:00+00:00,24950.0
2024-04-08 23:00:00+00:00,24960.0
2024-04-09 23:00:00+00:00,24945.0
2024-04-10 23:00:00+00:00,24935.0
2024-04-11 23:00:00+00:00,24980.0
2024-04-14 23:00:00+00:00,25000.0
2024-04-15 23:00:00+00:00,25180.0
2024-04-16 23:00:00+00:00,25280.0
2024-04-17 23:00:00+00:00,25400.0
2024-04-18 23:00:00+00:00,25400.0
2024-04-21 23:00:00+00:00,25440.0
2024-04-22 23:00:00+00:00,25455.0
2024-04-23 23:00:00+00:00,25440.0
2024-04-24 23:00:00+00:00,25405.0
2024-04-25 23:00:00+00:00,25350.0
2024-04-28 23:00:00+00:00,25330.0
2024-04-29 23:00:00+00:00,25330.0
2024-04-30 23:00:00+00:00,25330.0
2024-05-01 23:00:00+00:00,25330.0
2024-05-02 23:00:00+00:00,25390.0
2024-05-05 23:00:00+00:00,25400.0
2024-05-06 23:00:00+00:00,25370.0
2024-05-07 23:00:00+00:00,25400.0
2024-05-08 23:00:00+00:00,25425.0
2024-05-09 23:00:00+00:00,25440.0
2024-05-12 23:00:00+00:00,25450.0
2024-05-13 23:00:00+00:00,25453.0
2024-05-14 23:00:00+00:00,25450.0
2024-05-15 23:00:00+00:00,25445.0
2024-05-16 23:00:00+00:00,25431.0
2024-05-19 23:00:00+00:00,25448.0
2024-05-20 23:00:00+00:00,25452.0
2024-05-21 23:00:00+00:00,25461.0
2024-05-22 23:00:00+00:00,25464.0
2024-05-23 23:00:00+00:00,25469.0
2024-05-26 23:00:00+00:00,25465.0
2024-05-27 23:00:00+00:00,25445.0
2024-05-28 23:00:00+00:00,25448.0
2024-05-29 23:00:00+00:00,25450.0
2024-05-30 23:00:00+00:00,25450.0
2024-06-02 23:00:00+00:00,25440.0
2024-06-03 23:00:00+00:00,25432.0
2024-06-04 23:00:00+00:00,25410.0
2024-06-05 23:00:00+00:00,25415.0
2024-06-06 23:00:00+00:00,25420.0
2024-06-09 23:00:00+00:00,25400.0
2024-06-10 23:00:00+00:00,25415.0
2024-06-11 23:00:00+00:00,25435.0
2024-06-12 23:00:00+00:00,25435.0
2024-06-13 23:00:00+00:00,25435.0
2024-06-16 23:00:00+00:00,25450.0
2024-06-17 23:00:00+00:00,25425.0
2024-06-18 23:00:00+00:00,25445.0
2024-06-19 23:00:00+00:00,25450.0
2024-06-20 23:00:00+00:00,25450.0
2024-06-23 23:00:00+00:00,25425.0
2024-06-24 23:00:00+00:00,25455.0
2024-06-25 23:00:00+00:00,25455.0
2024-06-26 23:00:00+00:00,25465.0
2024-06-27 23:00:00+00:00,25455.0
2024-06-30 23:00:00+00:00,25445.0
2024-07-01 23:00:00+00:00,25450.0
2024-07-02 23:00:00+00:00,25450.0
2024-07-03 23:00:00+00:00,25450.0
2024-07-04 23:00:00+00:00,25450.0
2024-07-07 23:00:00+00:00,25412.0
2024-07-08 23:00:00+00:00,25415.0
2024-07-09 23:00:00+00:00,25413.0
2024-07-10 23:00:00+00:00,25415.0
2024-07-11 23:00:00+00:00,25420.0
2024-07-14 23:00:00+00:00,25410.0
2024-07-15 23:00:00+00:00,25360.0
2024-07-16 23:00:00+00:00,25375.0
2024-07-17 23:00:00+00:00,25315.0
2024-07-18 23:00:00+00:00,25310.0
2024-07-21 23:00:00+00:00,25300.0
2024-07-22 23:00:00+00:00,25325.0
2024-07-23 23:00:00+00:00,25345.0
2024-07-24 23:00:00+00:00,25350.0
2024-07-25 23:00:00+00:00,25285.0
2024-07-28 23:00:00+00:00,25300.0
2024-07-29 23:00:00+00:00,25275.0
2024-07-30 23:00:00+00:00,25275.0
2024-07-31 23:00:00+00:00,25235.0
2024-08-01 23:00:00+00:00,25215.0
2024-08-04 23:00:00+00:00,25205.0
2024-08-05 23:00:00+00:00,25080.0
2024-08-06 23:00:00+00:00,25130.0
2024-08-07 23:00:00+00:00,25155.0
2024-08-08 23:00:00+00:00,25135.0
2024-08-11 23:00:00+00:00,25090.0
2024-08-12 23:00:00+00:00,25120.0
2024-08-13 23:00:00+00:00,25115.0
2024-08-14 23:00:00+00:00,25020.0
2024-08-15 23:00:00+00:00,25035.0
2024-08-18 23:00:00+00:00,25050.0
2024-08-19 23:00:00+00:00,24960.0
2024-08-20 23:00:00+00:00,24915.0
2024-08-21 23:00:00+00:00,24930.0
2024-08-22 23:00:00+00:00,24960.0
2024-08-25 23:00:00+00:00,24965.0
2024-08-26 23:00:00+00:00,24860.0
2024-08-27 23:00:00+00:00,24820.0
2024-08-28 23:00:00+00:00,24855.0
2024-08-29 23:00:00+00:00,24870.0
2024-09-01 23:00:00+00:00,24860.0
2024-09-02 23:00:00+00:00,24860.0
2024-09-03 23:00:00+00:00,24860.0
2024-09-04 23:00:00+00:00,24852.0
2024-09-05 23:00:00+00:00,24730.0
2024-09-08 23:00:00+00:00,24600.0
2024-09-09 23:00:00+00:00,24680.0
2024-09-10 23:00:00+00:00,24660.0
2024-09-11 23:00:00+00:00,24550.0
2024-09-12 23:00:00+00:00,24575.0
2024-09-15 23:00:00+00:00,24530.0
2024-09-16 23:00:00+00:00,24530.0
2024-09-17 23:00:00+00:00,24620.0
2024-09-18 23:00:00+00:00,24600.0
2024-09-19 23:00:00+00:00,24565.0
2024-09-22 23:00:00+00:00,24590.0
2024-09-23 23:00:00+00:00,24615.0
2024-09-24 23:00:00+00:00,24590.0
2024-09-25 23:00:00+00:00,24580.0
2024-09-26 23:00:00+00:00,24615.0
2024-09-29 23:00:00+00:00,24590.0
2024-09-30 23:00:00+00:00,24555.0
2024-10-01 23:00:00+00:00,24595.0
2024-10-02 23:00:00+00:00,24652.0
2024-10-03 23:00:00+00:00,24745.0
2024-10-06 23:00:00+00:00,24755.0
2024-10-07 23:00:00+00:00,24840.0
2024-10-08 23:00:00+00:00,24835.0
2024-10-09 23:00:00+00:00,24830.0
2024-10-10 23:00:00+00:00,24830.0
2024-10-13 23:00:00+00:00,24800.0
2024-10-14 23:00:00+00:00,24840.0
2024-10-15 23:00:00+00:00,24925.0
2024-10-16 23:00:00+00:00,24970.0
2024-10-17 23:00:00+00:00,25180.0
2024-10-20 23:00:00+00:00,25150.0
2024-10-21 23:00:00+00:00,25285.0
2024-10-22 23:00:00+00:00,25390.0
2024-10-23 23:00:00+00:00,25400.0
2024-10-24 23:00:00+00:00,25385.0
2024-10-28 00:00:00+00:00,25355.0
2024-10-29 00:00:00+00:00,25345.0
2024-10-30 00:00:00+00:00,25295.0
2024-10-31 00:00:00+00:00,25280.0
2024-11-01 00:00:00+00:00,25270.0
2024-11-04 00:00:00+00:00,25280.0
2024-11-05 00:00:00+00:00,25310.0
2024-11-06 00:00:00+00:00,25330.0
2024-11-07 00:00:00+00:00,25370.0
2024-11-08 00:00:00+00:00,25350.0
2024-11-11 00:00:00+00:00,25260.0
2024-11-12 00:00:00+00:00,25310.0
2024-11-13 00:00:00+00:00,25340.0
2024-11-14 00:00:00+00:00,25330.0
2024-11-15 00:00:00+00:00,25390.0
2024-11-18 00:00:00+00:00,25380.0
2024-11-19 00:00:00+00:00,25405.0
2024-11-20 00:00:00+00:00,25395.0
2024-11-21 00:00:00+00:00,25415.0
2024-11-22 00:00:00+00:00,25415.0
2024-11-25 00:00:00+00:00,25417.0
2024-11-26 00:00:00+00:00,25410.0
2024-11-27 00:00:00+00:00,25405.0
2024-11-28 00:00:00+00:00,25375.0
2024-11-29 00:00:00+00:00,25358.0
2024-12-02 00:00:00+00:00,25344.0
2024-12-03 00:00:00+00:00,25374.0
2024-12-04 00:00:00+00:00,25395.0
2024-12-05 00:00:00+00:00,25400.0
2024-12-06 00:00:00+00:00,25393.0
2024-12-09 00:00:00+00:00,25375.0
2024-12-10 00:00:00+00:00,25370.0
2024-12-11 00:00:00+00:00,25360.0
2024-12-12 00:00:00+00:00,25380.0
2024-12-13 00:00:00+00:00,25394.0
2024-12-16 00:00:00+00:00,25400.0
2024-12-17 00:00:00+00:00,25385.0
2024-12-18 00:00:00+00:00,25430.0
2024-12-19 00:00:00+00:00,25445.0
2024-12-20 00:00:00+00:00,25450.0
2024-12-23 00:00:00+00:00,25445.0
2024-12-24 00:00:00+00:00,25440.0
2024-12-25 00:00:00+00:00,25425.0
2024-12-26 00:00:00+00:00,25420.0
2024-12-27 00:00:00+00:00,25425.0
2024-12-30 00:00:00+00:00,25445.0
2024-12-31 00:00:00+00:00,25476.0
2025-01-01 00:00:00+00:00,
2025-01-02 00:00:00+00:00,25480.0
2025-01-03 00:00:00+00:00,25450.0
2025-01-06 00:00:00+00:00,25400.0
2025-01-07 00:00:00+00:00,25370.0
2025-01-08 00:00:00+00:00,25360.0
2025-01-09 00:00:00+00:00,25370.0
2025-01-10 00:00:00+00:00,25375.0
2025-01-13 00:00:00+00:00,25360.0
2025-01-14 00:00:00+00:00,25390.0
2025-01-15 00:00:00+00:00,25380.0
2025-01-16 00:00:00+00:00,25375.0
2025-01-17 00:00:00+00:00,25370.0
2025-01-20 00:00:00+00:00,25300.0
2025-01-21 00:00:00+00:00,25315.0
2025-01-22 00:00:00+00:00,25260.0
2025-01-23 00:00:00+00:00,25050.0
2025-01-24 00:00:00+00:00,25080.0
2025-01-27 00:00:00+00:00,25060.0
2025-01-28 00:00:00+00:00,25060.0
2025-01-29 00:00:00+00:00,25060.0
2025-01-30 00:00:00+00:00,25060.0
2025-01-31 00:00:00+00:00,25060.0
2025-02-03 00:00:00+00:00,25060.0
2025-02-04 00:00:00+00:00,25280.0
2025-02-05 00:00:00+00:00,25280.0
2025-02-06 00:00:00+00:00,25145.0
2025-02-07 00:00:00+00:00,25260.0
2025-02-10 00:00:00+00:00,25290.0
2025-02-11 00:00:00+00:00,25380.0
2025-02-12 00:00:00+00:00,25530.0
2025-02-13 00:00:00+00:00,25550.0
2025-02-14 00:00:00+00:00,25440.0
2025-02-17 00:00:00+00:00,25370.0
2025-02-18 00:00:00+00:00,25470.0
2025-02-19 00:00:00+00:00,25500.0
2025-02-20 00:00:00+00:00,25515.0
2025-02-21 00:00:00+00:00,25500.0
2025-02-24 00:00:00+00:00,25510.0
2025-02-25 00:00:00+00:00,25468.0
2025-02-26 00:00:00+00:00,25520.0
2025-02-27 00:00:00+00:00,25535.0
2025-02-28 00:00:00+00:00,25520.0
2025-03-03 00:00:00+00:00,25530.0
2025-03-04 00:00:00+00:00,25575.0
2025-03-05 00:00:00+00:00,25540.0
2025-03-06 00:00:00+00:00,25490.0
2025-03-07 00:00:00+00:00,25485.0
2025-03-10 00:00:00+00:00,25480.0
2025-03-11 00:00:00+00:00,25525.0
2025-03-12 00:00:00+00:00,25450.0
2025-03-13 00:00:00+00:00,25445.0
2025-03-14 00:00:00+00:00,25490.0
2025-03-17 00:00:00+00:00,25500.0
2025-03-18 00:00:00+00:00,25510.0
2025-03-19 00:00:00+00:00,25510.0
2025-03-20 00:00:00+00:00,25535.0
2025-03-21 00:00:00+00:00,25545.0
2025-03-24 00:00:00+00:00,25585.0
2025-03-25 00:00:00+00:00,25620.0
2025-03-26 00:00:00+00:00,25600.0
2025-03-27 00:00:00+00:00,25555.0
2025-03-28 00:00:00+00:00,25560.0
2025-03-30 23:00:00+00:00,25550.0
2025-03-31 23:00:00+00:00,25565.0
2025-04-01 23:00:00+00:00,25620.0
2025-04-02 23:00:00+00:00,25600.0
2025-04-03 23:00:00+00:00,25600.0
2025-04-06 23:00:00+00:00,25770.0
2025-04-07 23:00:00+00:00,25780.0
2025-04-08 23:00:00+00:00,25995.0
2025-04-09 23:00:00+00:00,25960.0
2025-04-10 23:00:00+00:00,25720.0
2025-04-13 23:00:00+00:00,25715.0
2025-04-14 23:00:00+00:00,25824.0
2025-04-15 23:00:00+00:00,25790.0
2025-04-16 23:00:00+00:00,25830.0
2025-04-17 23:00:00+00:00,
2025-04-20 23:00:00+00:00,
2025-04-21 23:00:00+00:00,25871.0
2025-04-22 23:00:00+00:00,25932.0
2025-04-23 23:00:00+00:00,25965.0
2025-04-24 23:00:00+00:00,26026.0
2025-04-27 23:00:00+00:00,26019.0
2025-04-28 23:00:00+00:00,25970.0
2025-04-29 23:00:00+00:00,25980.0
2025-04-30 23:00:00+00:00,25980.0
2025-05-01 23:00:00+00:00,25980.0
2025-05-04 23:00:00+00:00,25980.0
2025-05-05 23:00:00+00:00,25942.0
2025-05-06 23:00:00+00:00,25948.0
2025-05-07 23:00:00+00:00,25953.0
2025-05-08 23:00:00+00:00,25959.0
2025-05-11 23:00:00+00:00,25952.0
2025-05-12 23:00:00+00:00,25960.0
2025-05-13 23:00:00+00:00,25951.0
2025-05-14 23:00:00+00:00,25924.0
2025-05-15 23:00:00+00:00,25920.0
2025-05-18 23:00:00+00:00,25917.0
2025-05-19 23:00:00+00:00,25932.0
2025-05-20 23:00:00+00:00,25950.0
2025-05-21 23:00:00+00:00,25950.0
2025-05-22 23:00:00+00:00,25973.0
2025-05-25 23:00:00+00:00,25946.0
2025-05-26 23:00:00+00:00,25897.0
2025-05-27 23:00:00+00:00,25903.0
2025-05-28 23:00:00+00:00,25950.0
2025-05-29 23:00:00+00:00,25996.0
2025-06-01 23:00:00+00:00,26019.0
2025-06-02 23:00:00+00:00,26022.0
2025-06-03 23:00:00+00:00,26038.0
2025-06-04 23:00:00+00:00,26071.0
2025-06-05 23:00:00+00:00,26056.0
2025-06-08 23:00:00+00:00,26047.0
2025-06-09 23:00:00+00:00,26025.0
2025-06-10 23:00:00+00:00,25990.0
2025-06-11 23:00:00+00:00,26010.0
2025-06-12 23:00:00+00:00,26020.0
2025-06-15 23:00:00+00:00,26050.0
2025-06-16 23:00:00+00:00,26030.0
2025-06-17 23:00:00+00:00,26072.0
2025-06-18 23:00:00+00:00,26092.0
2025-06-19 23:00:00+00:00,26123.0
2025-06-22 23:00:00+00:00,26119.0
2025-06-23 23:00:00+00:00,26190.0
2025-06-24 23:00:00+00:00,26150.0
2025-06-25 23:00:00+00:00,26150.0
2025-06-26 23:00:00+00:00,26100.0
2025-06-29 23:00:00+00:00,26090.0
2025-06-30 23:00:00+00:00,26118.0
2025-07-01 23:00:00+00:00,26110.0
2025-07-02 23:00:00+00:00,26150.0
2025-07-03 23:00:00+00:00,26175.0
2025-07-06 23:00:00+00:00,26158.0
2025-07-07 23:00:00+00:00,26120.0
2025-07-08 23:00:00+00:00,26110.0
2025-07-09 23:00:00+00:00,26138.0
2025-07-10 23:00:00+00:00,26100.0
2025-07-13 23:00:00+00:00,26108.0
2025-07-14 23:00:00+00:00,26100.0
2025-07-15 23:00:00+00:00,26120.0
2025-07-16 23:00:00+00:00,26140.0
2025-07-17 23:00:00+00:00,26135.0
2025-07-20 23:00:00+00:00,26140.0
2025-07-21 23:00:00+00:00,26130.0
2025-07-22 23:00:00+00:00,26120.0
2025-07-23 23:00:00+00:00,26120.0
2025-07-24 23:00:00+00:00,26110.0
2025-07-27 23:00:00+00:00,26120.0
2025-07-28 23:00:00+00:00,26165.0
2025-07-29 23:00:00+00:00,26195.0
2025-07-30 23:00:00+00:00,26200.0
2025-07-31 23:00:00+00:00,26197.0
2025-08-03 23:00:00+00:00,26190.0
2025-08-04 23:00:00+00:00,26174.0
2025-08-05 23:00:00+00:00,26225.0
2025-08-06 23:00:00+00:00,26200.0
2025-08-07 23:00:00+00:00,26190.0
2025-08-10 23:00:00+00:00,26200.0
2025-08-11 23:00:00+00:00,26231.0
2025-08-12 23:00:00+00:00,26245.0
2025-08-13 23:00:00+00:00,26265.0
2025-08-14 23:00:00+00:00,26230.0
2025-08-17 23:00:00+00:00,26240.0
2025-08-18 23:00:00+00:00,26275.0
2025-08-19 23:00:00+00:00,26290.0
2025-08-20 23:00:00+00:00,26370.0
2025-08-21 23:00:00+00:00,26405.0
2025-08-24 23:00:00+00:00,26300.0
2025-08-25 23:00:00+00:00,26300.0
2025-08-26 23:00:00+00:00,26340.0
2025-08-27 23:00:00+00:00,26374.0
2025-08-28 23:00:00+00:00,26360.0
2025-08-31 23:00:00+00:00,26340.0
2025-09-01 23:00:00+00:00,26340.0
2025-09-02 23:00:00+00:00,26340.0
2025-09-03 23:00:00+00:00,26365.0
2025-09-04 23:00:00+00:00,26360.0
2025-09-07 23:00:00+00:00,26375.0
2025-09-08 23:00:00+00:00,26385.0
2025-09-09 23:00:00+00:00,26360.0
2025-09-10 23:00:00+00:00,26370.0
2025-09-11 23:00:00+00:00,26375.0
2025-09-14 23:00:00+00:00,26355.0
2025-09-15 23:00:00+00:00,26355.0
2025-09-16 23:00:00+00:00,26381.0
2025-09-17 23:00:00+00:00,26340.0
2025-09-18 23:00:00+00:00,26355.0
2025-09-21 23:00:00+00:00,26355.0
2025-09-22 23:00:00+00:00,26395.0
2025-09-23 23:00:00+00:00,26395.0
2025-09-24 23:00:00+00:00,26395.0
2025-09-25 23:00:00+00:00,26380.0
2025-09-28 23:00:00+00:00,26385.0
2025-09-29 23:00:00+00:00,26414.0
2025-09-30 23:00:00+00:00,26425.0
2025-10-01 23:00:00+00:00,26405.0
2025-10-02 23:00:00+00:00,26393.0
2025-10-05 23:00:00+00:00,26375.0
2025-10-06 23:00:00+00:00,26340.0
2025-10-07 23:00:00+00:00,26340.0
2025-10-08 23:00:00+00:00,26335.0
2025-10-09 23:00:00+00:00,26346.0
2025-10-12 23:00:00+00:00,26310.0
2025-10-13 23:00:00+00:00,26325.0
2025-10-14 23:00:00+00:00,26343.0
2025-10-16 15:47:46+00:00,26310.0
